season,team_code,team_name,team_link,team_img
2001,AEK,AEK Athens,https://www.euroleague.net/competition/teams/showteam?clubcode=AEK&seasoncode=E2001,https://www.euroleague.net/rs/66nqu3xd77u8dv6q/5fae8dff-b186-4e7f-a158-c16e8e479736/dd4/filename/5fa.png
2001,BER,Alba Berlin,https://www.euroleague.net/competition/teams/showteam?clubcode=BER&seasoncode=E2001,https://www.euroleague.net/rs/a35fqimelipvlgk3/5fae8dff-b186-4e7f-a158-c16e8e479736/147/filename/5fa.png
2001,ASV,Asvel Basket,https://www.euroleague.net/competition/teams/showteam?clubcode=ASV&seasoncode=E2001,https://www.euroleague.net/rs/a35anmkqepkgw7pu/5fae8dff-b186-4e7f-a158-c16e8e479736/00c/filename/5fa.png
2001,TRE,Benetton Basket,https://www.euroleague.net/competition/teams/showteam?clubcode=TRE&seasoncode=E2001,https://www.euroleague.net/rs/7041/5fae8dff-b186-4e7f-a158-c16e8e479736/2fb/filename/5fa.jpg
2001,BUD,Buducnost,https://www.euroleague.net/competition/teams/showteam?clubcode=BUD&seasoncode=E2001,https://www.euroleague.net/rs/a35bjwf4jjtkx8sl/5fae8dff-b186-4e7f-a158-c16e8e479736/82c/filename/5fa.png
2001,CIB,Cibona VIP,https://www.euroleague.net/competition/teams/showteam?clubcode=CIB&seasoncode=E2001,https://www.euroleague.net/rs/14543/5fae8dff-b186-4e7f-a158-c16e8e479736/528/filename/5fa.png
2001,CSK,CSKA Moscow,https://www.euroleague.net/competition/teams/showteam?clubcode=CSK&seasoncode=E2001,https://www.euroleague.net/rs/a359ywvf43as6tee/5fae8dff-b186-4e7f-a158-c16e8e479736/777/filename/5fa.png
2001,IST,Efes Pilsen,https://www.euroleague.net/competition/teams/showteam?clubcode=IST&seasoncode=E2001,https://www.euroleague.net/rs/a35a6anofpgn5wca/5fae8dff-b186-4e7f-a158-c16e8e479736/7d6/filename/5fa.png
2001,BAR,FC Barcelona,https://www.euroleague.net/competition/teams/showteam?clubcode=BAR&seasoncode=E2001,https://www.euroleague.net/rs/a35abupuatwppttd/5fae8dff-b186-4e7f-a158-c16e8e479736/4a4/filename/5fa.png
2001,WRO,Idea Slask,https://www.euroleague.net/competition/teams/showteam?clubcode=WRO&seasoncode=E2001,https://www.euroleague.net/rs/7111/5fae8dff-b186-4e7f-a158-c16e8e479736/eb7/filename/5fa.jpg
2001,VIR,Kinder Bologna,https://www.euroleague.net/competition/teams/showteam?clubcode=VIR&seasoncode=E2001,https://www.euroleague.net/rs/a35ciuuul3co6xdc/5fae8dff-b186-4e7f-a158-c16e8e479736/818/filename/5fa.png
2001,LON,Kinder London Towers,https://www.euroleague.net/competition/teams/showteam?clubcode=LON&seasoncode=E2001,https://www.euroleague.net/rs/20822/5fae8dff-b186-4e7f-a158-c16e8e479736/9cc/filename/5fa.png
2001,MES,KRKA Novo Mesto,https://www.euroleague.net/competition/teams/showteam?clubcode=MES&seasoncode=E2001,https://www.euroleague.net/rs/33403/5fae8dff-b186-4e7f-a158-c16e8e479736/7b4/filename/5fa.png
2001,TEL,Maccabi Elite,https://www.euroleague.net/competition/teams/showteam?clubcode=TEL&seasoncode=E2001,https://www.euroleague.net/rs/a35apnp9acakcpfc/5fae8dff-b186-4e7f-a158-c16e8e479736/658/filename/5fa.png
2001,OLY,Olympiacos,https://www.euroleague.net/competition/teams/showteam?clubcode=OLY&seasoncode=E2001,https://www.euroleague.net/rs/a35arljanoudh995/5fae8dff-b186-4e7f-a158-c16e8e479736/c8c/filename/5fa.png
2001,FRA,Opel Skyliners,https://www.euroleague.net/competition/teams/showteam?clubcode=FRA&seasoncode=E2001,https://www.euroleague.net/rs/33634/5fae8dff-b186-4e7f-a158-c16e8e479736/4c9/filename/5fa.jpg
2001,PAN,Panathinaikos,https://www.euroleague.net/competition/teams/showteam?clubcode=PAN&seasoncode=E2001,https://www.euroleague.net/rs/a35atgy4e3u3txqh/5fae8dff-b186-4e7f-a158-c16e8e479736/c20/filename/5fa.png
2001,PAR,Partizan,https://www.euroleague.net/competition/teams/showteam?clubcode=PAR&seasoncode=E2001,https://www.euroleague.net/rs/a35cbqti3cm45opg/5fae8dff-b186-4e7f-a158-c16e8e479736/a2c/filename/5fa.png
2001,PAU,Pau-Orthez,https://www.euroleague.net/competition/teams/showteam?clubcode=PAU&seasoncode=E2001,https://www.euroleague.net/rs/562/5fae8dff-b186-4e7f-a158-c16e8e479736/918/filename/5fa.jpg
2001,PER,Peristeri,https://www.euroleague.net/competition/teams/showteam?clubcode=PER&seasoncode=E2001,https://www.euroleague.net/rs/5471/5fae8dff-b186-4e7f-a158-c16e8e479736/803/filename/5fa.jpg
2001,MAD,Real Madrid,https://www.euroleague.net/competition/teams/showteam?clubcode=MAD&seasoncode=E2001,https://www.euroleague.net/rs/a35av98vefmmr3gt/5fae8dff-b186-4e7f-a158-c16e8e479736/154/filename/5fa.png
2001,PES,Scavolini Pesaro,https://www.euroleague.net/competition/teams/showteam?clubcode=PES&seasoncode=E2001,https://www.euroleague.net/rs/19161/5fae8dff-b186-4e7f-a158-c16e8e479736/938/filename/5fa.png
2001,FOR,Skipper Bologna,https://www.euroleague.net/competition/teams/showteam?clubcode=FOR&seasoncode=E2001,https://www.euroleague.net/rs/14470/5fae8dff-b186-4e7f-a158-c16e8e479736/433/filename/5fa.png
2001,CHA,Spirou Basket,https://www.euroleague.net/competition/teams/showteam?clubcode=CHA&seasoncode=E2001,https://www.euroleague.net/rs/60539/5fae8dff-b186-4e7f-a158-c16e8e479736/886/filename/5fa.png
2001,BAS,Tau Ceramica,https://www.euroleague.net/competition/teams/showteam?clubcode=BAS&seasoncode=E2001,https://www.euroleague.net/rs/a35alqtlytg7rvt7/5fae8dff-b186-4e7f-a158-c16e8e479736/cf3/filename/5fa.png
2001,OOS,Telindus Oostende,https://www.euroleague.net/competition/teams/showteam?clubcode=OOS&seasoncode=E2001,https://www.euroleague.net/rs/61111/5fae8dff-b186-4e7f-a158-c16e8e479736/4fb/filename/5fa.png
2001,ULK,Ulker,https://www.euroleague.net/competition/teams/showteam?clubcode=ULK&seasoncode=E2001,https://www.euroleague.net/rs/a35ahld7vsu3xrgt/5fae8dff-b186-4e7f-a158-c16e8e479736/f9e/filename/5fa.png
2001,MAL,Unicaja,https://www.euroleague.net/competition/teams/showteam?clubcode=MAL&seasoncode=E2001,https://www.euroleague.net/rs/a35cod7jmruy8e8y/5fae8dff-b186-4e7f-a158-c16e8e479736/737/filename/5fa.png
2001,LJU,Union Olimpija,https://www.euroleague.net/competition/teams/showteam?clubcode=LJU&seasoncode=E2001,https://www.euroleague.net/rs/a35blsmch9dkl358/5fae8dff-b186-4e7f-a158-c16e8e479736/367/filename/5fa.png
2001,PEM,Ural Great,https://www.euroleague.net/competition/teams/showteam?clubcode=PEM&seasoncode=E2001,https://www.euroleague.net/rs/14479/5fae8dff-b186-4e7f-a158-c16e8e479736/9ae/filename/5fa.png
2001,ZAD,Zadar,https://www.euroleague.net/competition/teams/showteam?clubcode=ZAD&seasoncode=E2001,https://www.euroleague.net/rs/14442/5fae8dff-b186-4e7f-a158-c16e8e479736/454/filename/5fa.jpg
2001,ZAL,Zalgiris,https://www.euroleague.net/competition/teams/showteam?clubcode=ZAL&seasoncode=E2001,https://www.euroleague.net/rs/a35b39s6ef7fo9pa/5fae8dff-b186-4e7f-a158-c16e8e479736/a77/filename/5fa.png
2002,AEK,AEK Athens,https://www.euroleague.net/competition/teams/showteam?clubcode=AEK&seasoncode=E2002,https://www.euroleague.net/rs/66nqu3xd77u8dv6q/5fae8dff-b186-4e7f-a158-c16e8e479736/dd4/filename/5fa.png
2002,BER,Alba Berlin,https://www.euroleague.net/competition/teams/showteam?clubcode=BER&seasoncode=E2002,https://www.euroleague.net/rs/a35fqimelipvlgk3/5fae8dff-b186-4e7f-a158-c16e8e479736/147/filename/5fa.png
2002,ASV,Asvel Basket,https://www.euroleague.net/competition/teams/showteam?clubcode=ASV&seasoncode=E2002,https://www.euroleague.net/rs/a35anmkqepkgw7pu/5fae8dff-b186-4e7f-a158-c16e8e479736/00c/filename/5fa.png
2002,TRE,Benetton Basket,https://www.euroleague.net/competition/teams/showteam?clubcode=TRE&seasoncode=E2002,https://www.euroleague.net/rs/7041/5fae8dff-b186-4e7f-a158-c16e8e479736/2fb/filename/5fa.jpg
2002,CIB,Cibona VIP,https://www.euroleague.net/competition/teams/showteam?clubcode=CIB&seasoncode=E2002,https://www.euroleague.net/rs/14543/5fae8dff-b186-4e7f-a158-c16e8e479736/528/filename/5fa.png
2002,CSK,CSKA Moscow,https://www.euroleague.net/competition/teams/showteam?clubcode=CSK&seasoncode=E2002,https://www.euroleague.net/rs/a359ywvf43as6tee/5fae8dff-b186-4e7f-a158-c16e8e479736/777/filename/5fa.png
2002,IST,Efes Pilsen,https://www.euroleague.net/competition/teams/showteam?clubcode=IST&seasoncode=E2002,https://www.euroleague.net/rs/a35a6anofpgn5wca/5fae8dff-b186-4e7f-a158-c16e8e479736/7d6/filename/5fa.png
2002,BAR,FC Barcelona,https://www.euroleague.net/competition/teams/showteam?clubcode=BAR&seasoncode=E2002,https://www.euroleague.net/rs/a35abupuatwppttd/5fae8dff-b186-4e7f-a158-c16e8e479736/4a4/filename/5fa.png
2002,WRO,Idea Slask,https://www.euroleague.net/competition/teams/showteam?clubcode=WRO&seasoncode=E2002,https://www.euroleague.net/rs/7111/5fae8dff-b186-4e7f-a158-c16e8e479736/eb7/filename/5fa.jpg
2002,BUD,KK Buducnost,https://www.euroleague.net/competition/teams/showteam?clubcode=BUD&seasoncode=E2002,https://www.euroleague.net/rs/a35bjwf4jjtkx8sl/5fae8dff-b186-4e7f-a158-c16e8e479736/82c/filename/5fa.png
2002,TEL,Maccabi Elite,https://www.euroleague.net/competition/teams/showteam?clubcode=TEL&seasoncode=E2002,https://www.euroleague.net/rs/a35apnp9acakcpfc/5fae8dff-b186-4e7f-a158-c16e8e479736/658/filename/5fa.png
2002,SIE,Montepaschi Siena,https://www.euroleague.net/competition/teams/showteam?clubcode=SIE&seasoncode=E2002,https://www.euroleague.net/rs/14529/5fae8dff-b186-4e7f-a158-c16e8e479736/60d/filename/5fa.png
2002,OLY,Olympiacos,https://www.euroleague.net/competition/teams/showteam?clubcode=OLY&seasoncode=E2002,https://www.euroleague.net/rs/a35arljanoudh995/5fae8dff-b186-4e7f-a158-c16e8e479736/c8c/filename/5fa.png
2002,PAN,Panathinaikos,https://www.euroleague.net/competition/teams/showteam?clubcode=PAN&seasoncode=E2002,https://www.euroleague.net/rs/a35atgy4e3u3txqh/5fae8dff-b186-4e7f-a158-c16e8e479736/c20/filename/5fa.png
2002,PAR,Partizan,https://www.euroleague.net/competition/teams/showteam?clubcode=PAR&seasoncode=E2002,https://www.euroleague.net/rs/a35cbqti3cm45opg/5fae8dff-b186-4e7f-a158-c16e8e479736/a2c/filename/5fa.png
2002,PAU,Pau-Orthez,https://www.euroleague.net/competition/teams/showteam?clubcode=PAU&seasoncode=E2002,https://www.euroleague.net/rs/562/5fae8dff-b186-4e7f-a158-c16e8e479736/918/filename/5fa.jpg
2002,MAD,Real Madrid,https://www.euroleague.net/competition/teams/showteam?clubcode=MAD&seasoncode=E2002,https://www.euroleague.net/rs/a35av98vefmmr3gt/5fae8dff-b186-4e7f-a158-c16e8e479736/154/filename/5fa.png
2002,FOR,Skipper Bologna,https://www.euroleague.net/competition/teams/showteam?clubcode=FOR&seasoncode=E2002,https://www.euroleague.net/rs/14470/5fae8dff-b186-4e7f-a158-c16e8e479736/433/filename/5fa.png
2002,BAS,Tau Ceramica,https://www.euroleague.net/competition/teams/showteam?clubcode=BAS&seasoncode=E2002,https://www.euroleague.net/rs/a35alqtlytg7rvt7/5fae8dff-b186-4e7f-a158-c16e8e479736/cf3/filename/5fa.png
2002,ULK,Ulker,https://www.euroleague.net/competition/teams/showteam?clubcode=ULK&seasoncode=E2002,https://www.euroleague.net/rs/a35ahld7vsu3xrgt/5fae8dff-b186-4e7f-a158-c16e8e479736/f9e/filename/5fa.png
2002,MAL,Unicaja,https://www.euroleague.net/competition/teams/showteam?clubcode=MAL&seasoncode=E2002,https://www.euroleague.net/rs/a35cod7jmruy8e8y/5fae8dff-b186-4e7f-a158-c16e8e479736/737/filename/5fa.png
2002,LJU,Union Olimpija,https://www.euroleague.net/competition/teams/showteam?clubcode=LJU&seasoncode=E2002,https://www.euroleague.net/rs/a35blsmch9dkl358/5fae8dff-b186-4e7f-a158-c16e8e479736/367/filename/5fa.png
2002,VIR,Virtus Bologna,https://www.euroleague.net/competition/teams/showteam?clubcode=VIR&seasoncode=E2002,https://www.euroleague.net/rs/a35ciuuul3co6xdc/5fae8dff-b186-4e7f-a158-c16e8e479736/818/filename/5fa.png
2002,ZAL,Zalgiris,https://www.euroleague.net/competition/teams/showteam?clubcode=ZAL&seasoncode=E2002,https://www.euroleague.net/rs/a35b39s6ef7fo9pa/5fae8dff-b186-4e7f-a158-c16e8e479736/a77/filename/5fa.png
2003,AEK,AEK Athens,https://www.euroleague.net/competition/teams/showteam?clubcode=AEK&seasoncode=E2003,https://www.euroleague.net/rs/66nqu3xd77u8dv6q/5fae8dff-b186-4e7f-a158-c16e8e479736/dd4/filename/5fa.png
2003,BER,Alba Berlin,https://www.euroleague.net/competition/teams/showteam?clubcode=BER&seasoncode=E2003,https://www.euroleague.net/rs/a35fqimelipvlgk3/5fae8dff-b186-4e7f-a158-c16e8e479736/147/filename/5fa.png
2003,ASV,Asvel Basket,https://www.euroleague.net/competition/teams/showteam?clubcode=ASV&seasoncode=E2003,https://www.euroleague.net/rs/a35anmkqepkgw7pu/5fae8dff-b186-4e7f-a158-c16e8e479736/00c/filename/5fa.png
2003,TRE,Benetton Basket,https://www.euroleague.net/competition/teams/showteam?clubcode=TRE&seasoncode=E2003,https://www.euroleague.net/rs/7041/5fae8dff-b186-4e7f-a158-c16e8e479736/2fb/filename/5fa.jpg
2003,CIB,Cibona VIP,https://www.euroleague.net/competition/teams/showteam?clubcode=CIB&seasoncode=E2003,https://www.euroleague.net/rs/14543/5fae8dff-b186-4e7f-a158-c16e8e479736/528/filename/5fa.png
2003,CSK,CSKA Moscow,https://www.euroleague.net/competition/teams/showteam?clubcode=CSK&seasoncode=E2003,https://www.euroleague.net/rs/a359ywvf43as6tee/5fae8dff-b186-4e7f-a158-c16e8e479736/777/filename/5fa.png
2003,IST,Efes Pilsen,https://www.euroleague.net/competition/teams/showteam?clubcode=IST&seasoncode=E2003,https://www.euroleague.net/rs/a35a6anofpgn5wca/5fae8dff-b186-4e7f-a158-c16e8e479736/7d6/filename/5fa.png
2003,BAR,FC Barcelona,https://www.euroleague.net/competition/teams/showteam?clubcode=BAR&seasoncode=E2003,https://www.euroleague.net/rs/a35abupuatwppttd/5fae8dff-b186-4e7f-a158-c16e8e479736/4a4/filename/5fa.png
2003,WRO,Idea Slask,https://www.euroleague.net/competition/teams/showteam?clubcode=WRO&seasoncode=E2003,https://www.euroleague.net/rs/7111/5fae8dff-b186-4e7f-a158-c16e8e479736/eb7/filename/5fa.jpg
2003,MES,KRKA Novo Mesto,https://www.euroleague.net/competition/teams/showteam?clubcode=MES&seasoncode=E2003,https://www.euroleague.net/rs/33403/5fae8dff-b186-4e7f-a158-c16e8e479736/7b4/filename/5fa.png
2003,ROM,Lottomatica Roma,https://www.euroleague.net/competition/teams/showteam?clubcode=ROM&seasoncode=E2003,https://www.euroleague.net/rs/14541/5fae8dff-b186-4e7f-a158-c16e8e479736/8c8/filename/5fa.png
2003,TEL,Maccabi Elite,https://www.euroleague.net/competition/teams/showteam?clubcode=TEL&seasoncode=E2003,https://www.euroleague.net/rs/a35apnp9acakcpfc/5fae8dff-b186-4e7f-a158-c16e8e479736/658/filename/5fa.png
2003,SIE,Montepaschi Siena,https://www.euroleague.net/competition/teams/showteam?clubcode=SIE&seasoncode=E2003,https://www.euroleague.net/rs/14529/5fae8dff-b186-4e7f-a158-c16e8e479736/60d/filename/5fa.png
2003,OLY,Olympiacos,https://www.euroleague.net/competition/teams/showteam?clubcode=OLY&seasoncode=E2003,https://www.euroleague.net/rs/a35arljanoudh995/5fae8dff-b186-4e7f-a158-c16e8e479736/c8c/filename/5fa.png
2003,PAM,Pamesa Valencia,https://www.euroleague.net/competition/teams/showteam?clubcode=PAM&seasoncode=E2003,https://www.euroleague.net/rs/a35awu3dcq9vu3i4/5fae8dff-b186-4e7f-a158-c16e8e479736/821/filename/5fa.png
2003,PAN,Panathinaikos,https://www.euroleague.net/competition/teams/showteam?clubcode=PAN&seasoncode=E2003,https://www.euroleague.net/rs/a35atgy4e3u3txqh/5fae8dff-b186-4e7f-a158-c16e8e479736/c20/filename/5fa.png
2003,PAR,Partizan,https://www.euroleague.net/competition/teams/showteam?clubcode=PAR&seasoncode=E2003,https://www.euroleague.net/rs/a35cbqti3cm45opg/5fae8dff-b186-4e7f-a158-c16e8e479736/a2c/filename/5fa.png
2003,PAU,Pau-Orthez,https://www.euroleague.net/competition/teams/showteam?clubcode=PAU&seasoncode=E2003,https://www.euroleague.net/rs/562/5fae8dff-b186-4e7f-a158-c16e8e479736/918/filename/5fa.jpg
2003,FOR,Skipper Bologna,https://www.euroleague.net/competition/teams/showteam?clubcode=FOR&seasoncode=E2003,https://www.euroleague.net/rs/14470/5fae8dff-b186-4e7f-a158-c16e8e479736/433/filename/5fa.png
2003,BAS,Tau Ceramica,https://www.euroleague.net/competition/teams/showteam?clubcode=BAS&seasoncode=E2003,https://www.euroleague.net/rs/a35alqtlytg7rvt7/5fae8dff-b186-4e7f-a158-c16e8e479736/cf3/filename/5fa.png
2003,ULK,Ulker,https://www.euroleague.net/competition/teams/showteam?clubcode=ULK&seasoncode=E2003,https://www.euroleague.net/rs/a35ahld7vsu3xrgt/5fae8dff-b186-4e7f-a158-c16e8e479736/f9e/filename/5fa.png
2003,MAL,Unicaja,https://www.euroleague.net/competition/teams/showteam?clubcode=MAL&seasoncode=E2003,https://www.euroleague.net/rs/a35cod7jmruy8e8y/5fae8dff-b186-4e7f-a158-c16e8e479736/737/filename/5fa.png
2003,LJU,Union Olimpija,https://www.euroleague.net/competition/teams/showteam?clubcode=LJU&seasoncode=E2003,https://www.euroleague.net/rs/a35blsmch9dkl358/5fae8dff-b186-4e7f-a158-c16e8e479736/367/filename/5fa.png
2003,ZAL,Zalgiris,https://www.euroleague.net/competition/teams/showteam?clubcode=ZAL&seasoncode=E2003,https://www.euroleague.net/rs/a35b39s6ef7fo9pa/5fae8dff-b186-4e7f-a158-c16e8e479736/a77/filename/5fa.png
2004,EST,Adecco Estudiantes,https://www.euroleague.net/competition/teams/showteam?clubcode=EST&seasoncode=E2004,https://www.euroleague.net/rs/28267/5fae8dff-b186-4e7f-a158-c16e8e479736/9ee/filename/5fa.png
2004,AEK,AEK Athens,https://www.euroleague.net/competition/teams/showteam?clubcode=AEK&seasoncode=E2004,https://www.euroleague.net/rs/66nqu3xd77u8dv6q/5fae8dff-b186-4e7f-a158-c16e8e479736/dd4/filename/5fa.png
2004,ASV,Asvel Basket,https://www.euroleague.net/competition/teams/showteam?clubcode=ASV&seasoncode=E2004,https://www.euroleague.net/rs/a35anmkqepkgw7pu/5fae8dff-b186-4e7f-a158-c16e8e479736/00c/filename/5fa.png
2004,TRE,Benetton Basket,https://www.euroleague.net/competition/teams/showteam?clubcode=TRE&seasoncode=E2004,https://www.euroleague.net/rs/7041/5fae8dff-b186-4e7f-a158-c16e8e479736/2fb/filename/5fa.jpg
2004,CIB,Cibona VIP,https://www.euroleague.net/competition/teams/showteam?clubcode=CIB&seasoncode=E2004,https://www.euroleague.net/rs/14543/5fae8dff-b186-4e7f-a158-c16e8e479736/528/filename/5fa.png
2004,FOR,Climamio Bologna,https://www.euroleague.net/competition/teams/showteam?clubcode=FOR&seasoncode=E2004,https://www.euroleague.net/rs/14470/5fae8dff-b186-4e7f-a158-c16e8e479736/433/filename/5fa.png
2004,CSK,CSKA Moscow,https://www.euroleague.net/competition/teams/showteam?clubcode=CSK&seasoncode=E2004,https://www.euroleague.net/rs/a359ywvf43as6tee/5fae8dff-b186-4e7f-a158-c16e8e479736/777/filename/5fa.png
2004,IST,Efes Pilsen,https://www.euroleague.net/competition/teams/showteam?clubcode=IST&seasoncode=E2004,https://www.euroleague.net/rs/a35a6anofpgn5wca/5fae8dff-b186-4e7f-a158-c16e8e479736/7d6/filename/5fa.png
2004,BAR,FC Barcelona,https://www.euroleague.net/competition/teams/showteam?clubcode=BAR&seasoncode=E2004,https://www.euroleague.net/rs/a35abupuatwppttd/5fae8dff-b186-4e7f-a158-c16e8e479736/4a4/filename/5fa.png
2004,TEL,Maccabi Elite,https://www.euroleague.net/competition/teams/showteam?clubcode=TEL&seasoncode=E2004,https://www.euroleague.net/rs/a35apnp9acakcpfc/5fae8dff-b186-4e7f-a158-c16e8e479736/658/filename/5fa.png
2004,SIE,Montepaschi Siena,https://www.euroleague.net/competition/teams/showteam?clubcode=SIE&seasoncode=E2004,https://www.euroleague.net/rs/14529/5fae8dff-b186-4e7f-a158-c16e8e479736/60d/filename/5fa.png
2004,OLY,Olympiacos,https://www.euroleague.net/competition/teams/showteam?clubcode=OLY&seasoncode=E2004,https://www.euroleague.net/rs/a35arljanoudh995/5fae8dff-b186-4e7f-a158-c16e8e479736/c8c/filename/5fa.png
2004,FRA,Opel Skyliners,https://www.euroleague.net/competition/teams/showteam?clubcode=FRA&seasoncode=E2004,https://www.euroleague.net/rs/33634/5fae8dff-b186-4e7f-a158-c16e8e479736/4c9/filename/5fa.jpg
2004,PAN,Panathinaikos,https://www.euroleague.net/competition/teams/showteam?clubcode=PAN&seasoncode=E2004,https://www.euroleague.net/rs/a35atgy4e3u3txqh/5fae8dff-b186-4e7f-a158-c16e8e479736/c20/filename/5fa.png
2004,PAR,Partizan,https://www.euroleague.net/competition/teams/showteam?clubcode=PAR&seasoncode=E2004,https://www.euroleague.net/rs/a35cbqti3cm45opg/5fae8dff-b186-4e7f-a158-c16e8e479736/a2c/filename/5fa.png
2004,PAU,Pau-Orthez,https://www.euroleague.net/competition/teams/showteam?clubcode=PAU&seasoncode=E2004,https://www.euroleague.net/rs/562/5fae8dff-b186-4e7f-a158-c16e8e479736/918/filename/5fa.jpg
2004,SOP,Prokom Trefl Sopot,https://www.euroleague.net/competition/teams/showteam?clubcode=SOP&seasoncode=E2004,https://www.euroleague.net/rs/a35bi4yocnc9jg9d/5fae8dff-b186-4e7f-a158-c16e8e479736/cf4/filename/5fa.png
2004,MAD,Real Madrid,https://www.euroleague.net/competition/teams/showteam?clubcode=MAD&seasoncode=E2004,https://www.euroleague.net/rs/a35av98vefmmr3gt/5fae8dff-b186-4e7f-a158-c16e8e479736/154/filename/5fa.png
2004,PES,Scavolini Pesaro,https://www.euroleague.net/competition/teams/showteam?clubcode=PES&seasoncode=E2004,https://www.euroleague.net/rs/19161/5fae8dff-b186-4e7f-a158-c16e8e479736/938/filename/5fa.png
2004,BAS,Tau Ceramica,https://www.euroleague.net/competition/teams/showteam?clubcode=BAS&seasoncode=E2004,https://www.euroleague.net/rs/a35alqtlytg7rvt7/5fae8dff-b186-4e7f-a158-c16e8e479736/cf3/filename/5fa.png
2004,ULK,Ulker,https://www.euroleague.net/competition/teams/showteam?clubcode=ULK&seasoncode=E2004,https://www.euroleague.net/rs/a35ahld7vsu3xrgt/5fae8dff-b186-4e7f-a158-c16e8e479736/f9e/filename/5fa.png
2004,MAL,Unicaja,https://www.euroleague.net/competition/teams/showteam?clubcode=MAL&seasoncode=E2004,https://www.euroleague.net/rs/a35cod7jmruy8e8y/5fae8dff-b186-4e7f-a158-c16e8e479736/737/filename/5fa.png
2004,LJU,Union Olimpija,https://www.euroleague.net/competition/teams/showteam?clubcode=LJU&seasoncode=E2004,https://www.euroleague.net/rs/a35blsmch9dkl358/5fae8dff-b186-4e7f-a158-c16e8e479736/367/filename/5fa.png
2004,ZAL,Zalgiris,https://www.euroleague.net/competition/teams/showteam?clubcode=ZAL&seasoncode=E2004,https://www.euroleague.net/rs/a35b39s6ef7fo9pa/5fae8dff-b186-4e7f-a158-c16e8e479736/a77/filename/5fa.png
2005,AEK,AEK Athens,https://www.euroleague.net/competition/teams/showteam?clubcode=AEK&seasoncode=E2005,https://www.euroleague.net/rs/66nqu3xd77u8dv6q/5fae8dff-b186-4e7f-a158-c16e8e479736/dd4/filename/5fa.png
2005,MIL,AJ Milano,https://www.euroleague.net/competition/teams/showteam?clubcode=MIL&seasoncode=E2005,https://www.euroleague.net/rs/a35a8ng9dir9gnbb/5fae8dff-b186-4e7f-a158-c16e8e479736/287/filename/5fa.png
2005,TRE,Benetton Basket,https://www.euroleague.net/competition/teams/showteam?clubcode=TRE&seasoncode=E2005,https://www.euroleague.net/rs/7041/5fae8dff-b186-4e7f-a158-c16e8e479736/2fb/filename/5fa.jpg
2005,CIB,Cibona VIP,https://www.euroleague.net/competition/teams/showteam?clubcode=CIB&seasoncode=E2005,https://www.euroleague.net/rs/14543/5fae8dff-b186-4e7f-a158-c16e8e479736/528/filename/5fa.png
2005,FOR,Climamio Bologna,https://www.euroleague.net/competition/teams/showteam?clubcode=FOR&seasoncode=E2005,https://www.euroleague.net/rs/14470/5fae8dff-b186-4e7f-a158-c16e8e479736/433/filename/5fa.png
2005,CSK,CSKA Moscow,https://www.euroleague.net/competition/teams/showteam?clubcode=CSK&seasoncode=E2005,https://www.euroleague.net/rs/a359ywvf43as6tee/5fae8dff-b186-4e7f-a158-c16e8e479736/777/filename/5fa.png
2005,IST,Efes Pilsen,https://www.euroleague.net/competition/teams/showteam?clubcode=IST&seasoncode=E2005,https://www.euroleague.net/rs/a35a6anofpgn5wca/5fae8dff-b186-4e7f-a158-c16e8e479736/7d6/filename/5fa.png
2005,BAM,GHP Bamberg,https://www.euroleague.net/competition/teams/showteam?clubcode=BAM&seasoncode=E2005,https://www.euroleague.net/rs/73kxg36ysqxnp7o5/5fae8dff-b186-4e7f-a158-c16e8e479736/88f/filename/5fa.jpg
2005,LIE,Lietuvos Rytas,https://www.euroleague.net/competition/teams/showteam?clubcode=LIE&seasoncode=E2005,https://www.euroleague.net/rs/a35cgyhq39vdju75/5fae8dff-b186-4e7f-a158-c16e8e479736/d8c/filename/5fa.png
2005,TEL,Maccabi Elite,https://www.euroleague.net/competition/teams/showteam?clubcode=TEL&seasoncode=E2005,https://www.euroleague.net/rs/a35apnp9acakcpfc/5fae8dff-b186-4e7f-a158-c16e8e479736/658/filename/5fa.png
2005,SIE,Montepaschi Siena,https://www.euroleague.net/competition/teams/showteam?clubcode=SIE&seasoncode=E2005,https://www.euroleague.net/rs/14529/5fae8dff-b186-4e7f-a158-c16e8e479736/60d/filename/5fa.png
2005,OLY,Olympiacos,https://www.euroleague.net/competition/teams/showteam?clubcode=OLY&seasoncode=E2005,https://www.euroleague.net/rs/a35arljanoudh995/5fae8dff-b186-4e7f-a158-c16e8e479736/c8c/filename/5fa.png
2005,PAN,Panathinaikos,https://www.euroleague.net/competition/teams/showteam?clubcode=PAN&seasoncode=E2005,https://www.euroleague.net/rs/a35atgy4e3u3txqh/5fae8dff-b186-4e7f-a158-c16e8e479736/c20/filename/5fa.png
2005,PAR,Partizan,https://www.euroleague.net/competition/teams/showteam?clubcode=PAR&seasoncode=E2005,https://www.euroleague.net/rs/a35cbqti3cm45opg/5fae8dff-b186-4e7f-a158-c16e8e479736/a2c/filename/5fa.png
2005,PAU,Pau-Orthez,https://www.euroleague.net/competition/teams/showteam?clubcode=PAU&seasoncode=E2005,https://www.euroleague.net/rs/562/5fae8dff-b186-4e7f-a158-c16e8e479736/918/filename/5fa.jpg
2005,SOP,Prokom Trefl Sopot,https://www.euroleague.net/competition/teams/showteam?clubcode=SOP&seasoncode=E2005,https://www.euroleague.net/rs/a35bi4yocnc9jg9d/5fae8dff-b186-4e7f-a158-c16e8e479736/cf4/filename/5fa.png
2005,MAD,Real Madrid,https://www.euroleague.net/competition/teams/showteam?clubcode=MAD&seasoncode=E2005,https://www.euroleague.net/rs/a35av98vefmmr3gt/5fae8dff-b186-4e7f-a158-c16e8e479736/154/filename/5fa.png
2005,STR,Strasbourg,https://www.euroleague.net/competition/teams/showteam?clubcode=STR&seasoncode=E2005,https://www.euroleague.net/rs/679wlvtbkwuff777/5fae8dff-b186-4e7f-a158-c16e8e479736/c34/filename/5fa.png
2005,BAS,Tau Ceramica,https://www.euroleague.net/competition/teams/showteam?clubcode=BAS&seasoncode=E2005,https://www.euroleague.net/rs/a35alqtlytg7rvt7/5fae8dff-b186-4e7f-a158-c16e8e479736/cf3/filename/5fa.png
2005,ULK,Ulker,https://www.euroleague.net/competition/teams/showteam?clubcode=ULK&seasoncode=E2005,https://www.euroleague.net/rs/a35ahld7vsu3xrgt/5fae8dff-b186-4e7f-a158-c16e8e479736/f9e/filename/5fa.png
2005,MAL,Unicaja,https://www.euroleague.net/competition/teams/showteam?clubcode=MAL&seasoncode=E2005,https://www.euroleague.net/rs/a35cod7jmruy8e8y/5fae8dff-b186-4e7f-a158-c16e8e479736/737/filename/5fa.png
2005,LJU,Union Olimpija,https://www.euroleague.net/competition/teams/showteam?clubcode=LJU&seasoncode=E2005,https://www.euroleague.net/rs/a35blsmch9dkl358/5fae8dff-b186-4e7f-a158-c16e8e479736/367/filename/5fa.png
2005,BAR,Winterthur FC Barcelona,https://www.euroleague.net/competition/teams/showteam?clubcode=BAR&seasoncode=E2005,https://www.euroleague.net/rs/a35abupuatwppttd/5fae8dff-b186-4e7f-a158-c16e8e479736/4a4/filename/5fa.png
2005,ZAL,Zalgiris,https://www.euroleague.net/competition/teams/showteam?clubcode=ZAL&seasoncode=E2005,https://www.euroleague.net/rs/a35b39s6ef7fo9pa/5fae8dff-b186-4e7f-a158-c16e8e479736/a77/filename/5fa.png
2006,ARI,Aris TT Bank,https://www.euroleague.net/competition/teams/showteam?clubcode=ARI&seasoncode=E2006,https://www.euroleague.net/rs/66nr4pnpsefh3tyi/5fae8dff-b186-4e7f-a158-c16e8e479736/ab6/filename/5fa.png
2006,TRE,Benetton Basket,https://www.euroleague.net/competition/teams/showteam?clubcode=TRE&seasoncode=E2006,https://www.euroleague.net/rs/7041/5fae8dff-b186-4e7f-a158-c16e8e479736/2fb/filename/5fa.jpg
2006,CIB,Cibona,https://www.euroleague.net/competition/teams/showteam?clubcode=CIB&seasoncode=E2006,https://www.euroleague.net/rs/14543/5fae8dff-b186-4e7f-a158-c16e8e479736/528/filename/5fa.png
2006,FOR,Climamio Bologna,https://www.euroleague.net/competition/teams/showteam?clubcode=FOR&seasoncode=E2006,https://www.euroleague.net/rs/14470/5fae8dff-b186-4e7f-a158-c16e8e479736/433/filename/5fa.png
2006,CSK,CSKA Moscow,https://www.euroleague.net/competition/teams/showteam?clubcode=CSK&seasoncode=E2006,https://www.euroleague.net/rs/a359ywvf43as6tee/5fae8dff-b186-4e7f-a158-c16e8e479736/777/filename/5fa.png
2006,JOV,DKV Joventut,https://www.euroleague.net/competition/teams/showteam?clubcode=JOV&seasoncode=E2006,https://www.euroleague.net/rs/a35bwyy5gt3xq4d7/5fae8dff-b186-4e7f-a158-c16e8e479736/2cb/filename/5fa.png
2006,DYN,Dynamo Moscow,https://www.euroleague.net/competition/teams/showteam?clubcode=DYN&seasoncode=E2006,https://www.euroleague.net/rs/14462/5fae8dff-b186-4e7f-a158-c16e8e479736/28d/filename/5fa.png
2006,IST,Efes Pilsen,https://www.euroleague.net/competition/teams/showteam?clubcode=IST&seasoncode=E2006,https://www.euroleague.net/rs/a35a6anofpgn5wca/5fae8dff-b186-4e7f-a158-c16e8e479736/7d6/filename/5fa.png
2006,NAP,Eldo Napoli,https://www.euroleague.net/competition/teams/showteam?clubcode=NAP&seasoncode=E2006,https://www.euroleague.net/rs/555/5fae8dff-b186-4e7f-a158-c16e8e479736/559/filename/5fa.jpg
2006,ULK,Fenerbahce Ulker,https://www.euroleague.net/competition/teams/showteam?clubcode=ULK&seasoncode=E2006,https://www.euroleague.net/rs/a35ahld7vsu3xrgt/5fae8dff-b186-4e7f-a158-c16e8e479736/f9e/filename/5fa.png
2006,LEM,Le Mans,https://www.euroleague.net/competition/teams/showteam?clubcode=LEM&seasoncode=E2006,https://www.euroleague.net/rs/66o5596r6vti9krc/5fae8dff-b186-4e7f-a158-c16e8e479736/36e/filename/5fa.png
2006,ROM,Lottomatica Roma,https://www.euroleague.net/competition/teams/showteam?clubcode=ROM&seasoncode=E2006,https://www.euroleague.net/rs/14541/5fae8dff-b186-4e7f-a158-c16e8e479736/8c8/filename/5fa.png
2006,TEL,Maccabi Elite,https://www.euroleague.net/competition/teams/showteam?clubcode=TEL&seasoncode=E2006,https://www.euroleague.net/rs/a35apnp9acakcpfc/5fae8dff-b186-4e7f-a158-c16e8e479736/658/filename/5fa.png
2006,OLY,Olympiacos,https://www.euroleague.net/competition/teams/showteam?clubcode=OLY&seasoncode=E2006,https://www.euroleague.net/rs/a35arljanoudh995/5fae8dff-b186-4e7f-a158-c16e8e479736/c8c/filename/5fa.png
2006,PAN,Panathinaikos,https://www.euroleague.net/competition/teams/showteam?clubcode=PAN&seasoncode=E2006,https://www.euroleague.net/rs/a35atgy4e3u3txqh/5fae8dff-b186-4e7f-a158-c16e8e479736/c20/filename/5fa.png
2006,PAR,Partizan,https://www.euroleague.net/competition/teams/showteam?clubcode=PAR&seasoncode=E2006,https://www.euroleague.net/rs/a35cbqti3cm45opg/5fae8dff-b186-4e7f-a158-c16e8e479736/a2c/filename/5fa.png
2006,PAU,Pau-Orthez,https://www.euroleague.net/competition/teams/showteam?clubcode=PAU&seasoncode=E2006,https://www.euroleague.net/rs/562/5fae8dff-b186-4e7f-a158-c16e8e479736/918/filename/5fa.jpg
2006,SOP,Prokom Trefl Sopot,https://www.euroleague.net/competition/teams/showteam?clubcode=SOP&seasoncode=E2006,https://www.euroleague.net/rs/a35bi4yocnc9jg9d/5fae8dff-b186-4e7f-a158-c16e8e479736/cf4/filename/5fa.png
2006,COL,RheinEnergie,https://www.euroleague.net/competition/teams/showteam?clubcode=COL&seasoncode=E2006,https://www.euroleague.net/rs/7607/5fae8dff-b186-4e7f-a158-c16e8e479736/725/filename/5fa.jpg
2006,BAS,Tau Ceramica,https://www.euroleague.net/competition/teams/showteam?clubcode=BAS&seasoncode=E2006,https://www.euroleague.net/rs/a35alqtlytg7rvt7/5fae8dff-b186-4e7f-a158-c16e8e479736/cf3/filename/5fa.png
2006,MAL,Unicaja,https://www.euroleague.net/competition/teams/showteam?clubcode=MAL&seasoncode=E2006,https://www.euroleague.net/rs/a35cod7jmruy8e8y/5fae8dff-b186-4e7f-a158-c16e8e479736/737/filename/5fa.png
2006,LJU,Union Olimpija,https://www.euroleague.net/competition/teams/showteam?clubcode=LJU&seasoncode=E2006,https://www.euroleague.net/rs/a35blsmch9dkl358/5fae8dff-b186-4e7f-a158-c16e8e479736/367/filename/5fa.png
2006,BAR,Winterthur FC Barcelona,https://www.euroleague.net/competition/teams/showteam?clubcode=BAR&seasoncode=E2006,https://www.euroleague.net/rs/a35abupuatwppttd/5fae8dff-b186-4e7f-a158-c16e8e479736/4a4/filename/5fa.png
2006,ZAL,Zalgiris,https://www.euroleague.net/competition/teams/showteam?clubcode=ZAL&seasoncode=E2006,https://www.euroleague.net/rs/a35b39s6ef7fo9pa/5fae8dff-b186-4e7f-a158-c16e8e479736/a77/filename/5fa.png
2007,MIL,AJ Milano,https://www.euroleague.net/competition/teams/showteam?clubcode=MIL&seasoncode=E2007,https://www.euroleague.net/rs/a35a8ng9dir9gnbb/5fae8dff-b186-4e7f-a158-c16e8e479736/287/filename/5fa.png
2007,ARI,Aris TT Bank,https://www.euroleague.net/competition/teams/showteam?clubcode=ARI&seasoncode=E2007,https://www.euroleague.net/rs/66nr4pnpsefh3tyi/5fae8dff-b186-4e7f-a158-c16e8e479736/ab6/filename/5fa.png
2007,BAR,AXA FC Barcelona,https://www.euroleague.net/competition/teams/showteam?clubcode=BAR&seasoncode=E2007,https://www.euroleague.net/rs/a35abupuatwppttd/5fae8dff-b186-4e7f-a158-c16e8e479736/4a4/filename/5fa.png
2007,BAM,Brose Baskets,https://www.euroleague.net/competition/teams/showteam?clubcode=BAM&seasoncode=E2007,https://www.euroleague.net/rs/73kxg36ysqxnp7o5/5fae8dff-b186-4e7f-a158-c16e8e479736/88f/filename/5fa.jpg
2007,ROA,Chorale Roanne,https://www.euroleague.net/competition/teams/showteam?clubcode=ROA&seasoncode=E2007,https://www.euroleague.net/rs/14447/5fae8dff-b186-4e7f-a158-c16e8e479736/aaa/filename/5fa.png
2007,CIB,Cibona,https://www.euroleague.net/competition/teams/showteam?clubcode=CIB&seasoncode=E2007,https://www.euroleague.net/rs/14543/5fae8dff-b186-4e7f-a158-c16e8e479736/528/filename/5fa.png
2007,CSK,CSKA Moscow,https://www.euroleague.net/competition/teams/showteam?clubcode=CSK&seasoncode=E2007,https://www.euroleague.net/rs/a359ywvf43as6tee/5fae8dff-b186-4e7f-a158-c16e8e479736/777/filename/5fa.png
2007,IST,Efes Pilsen,https://www.euroleague.net/competition/teams/showteam?clubcode=IST&seasoncode=E2007,https://www.euroleague.net/rs/a35a6anofpgn5wca/5fae8dff-b186-4e7f-a158-c16e8e479736/7d6/filename/5fa.png
2007,ULK,Fenerbahce Ulker,https://www.euroleague.net/competition/teams/showteam?clubcode=ULK&seasoncode=E2007,https://www.euroleague.net/rs/a35ahld7vsu3xrgt/5fae8dff-b186-4e7f-a158-c16e8e479736/f9e/filename/5fa.png
2007,LEM,Le Mans,https://www.euroleague.net/competition/teams/showteam?clubcode=LEM&seasoncode=E2007,https://www.euroleague.net/rs/66o5596r6vti9krc/5fae8dff-b186-4e7f-a158-c16e8e479736/36e/filename/5fa.png
2007,LIE,Lietuvos Rytas,https://www.euroleague.net/competition/teams/showteam?clubcode=LIE&seasoncode=E2007,https://www.euroleague.net/rs/a35cgyhq39vdju75/5fae8dff-b186-4e7f-a158-c16e8e479736/d8c/filename/5fa.png
2007,ROM,Lottomatica Roma,https://www.euroleague.net/competition/teams/showteam?clubcode=ROM&seasoncode=E2007,https://www.euroleague.net/rs/14541/5fae8dff-b186-4e7f-a158-c16e8e479736/8c8/filename/5fa.png
2007,TEL,Maccabi Elite,https://www.euroleague.net/competition/teams/showteam?clubcode=TEL&seasoncode=E2007,https://www.euroleague.net/rs/a35apnp9acakcpfc/5fae8dff-b186-4e7f-a158-c16e8e479736/658/filename/5fa.png
2007,SIE,Montepaschi Siena,https://www.euroleague.net/competition/teams/showteam?clubcode=SIE&seasoncode=E2007,https://www.euroleague.net/rs/14529/5fae8dff-b186-4e7f-a158-c16e8e479736/60d/filename/5fa.png
2007,OLY,Olympiacos,https://www.euroleague.net/competition/teams/showteam?clubcode=OLY&seasoncode=E2007,https://www.euroleague.net/rs/a35arljanoudh995/5fae8dff-b186-4e7f-a158-c16e8e479736/c8c/filename/5fa.png
2007,PAN,Panathinaikos,https://www.euroleague.net/competition/teams/showteam?clubcode=PAN&seasoncode=E2007,https://www.euroleague.net/rs/a35atgy4e3u3txqh/5fae8dff-b186-4e7f-a158-c16e8e479736/c20/filename/5fa.png
2007,PAR,Partizan Igokea,https://www.euroleague.net/competition/teams/showteam?clubcode=PAR&seasoncode=E2007,https://www.euroleague.net/rs/a35cbqti3cm45opg/5fae8dff-b186-4e7f-a158-c16e8e479736/a2c/filename/5fa.png
2007,SOP,Prokom Trefl Sopot,https://www.euroleague.net/competition/teams/showteam?clubcode=SOP&seasoncode=E2007,https://www.euroleague.net/rs/a35bi4yocnc9jg9d/5fae8dff-b186-4e7f-a158-c16e8e479736/cf4/filename/5fa.png
2007,MAD,Real Madrid,https://www.euroleague.net/competition/teams/showteam?clubcode=MAD&seasoncode=E2007,https://www.euroleague.net/rs/a35av98vefmmr3gt/5fae8dff-b186-4e7f-a158-c16e8e479736/154/filename/5fa.png
2007,BAS,Tau Ceramica,https://www.euroleague.net/competition/teams/showteam?clubcode=BAS&seasoncode=E2007,https://www.euroleague.net/rs/a35alqtlytg7rvt7/5fae8dff-b186-4e7f-a158-c16e8e479736/cf3/filename/5fa.png
2007,MAL,Unicaja,https://www.euroleague.net/competition/teams/showteam?clubcode=MAL&seasoncode=E2007,https://www.euroleague.net/rs/a35cod7jmruy8e8y/5fae8dff-b186-4e7f-a158-c16e8e479736/737/filename/5fa.png
2007,LJU,Union Olimpija,https://www.euroleague.net/competition/teams/showteam?clubcode=LJU&seasoncode=E2007,https://www.euroleague.net/rs/a35blsmch9dkl358/5fae8dff-b186-4e7f-a158-c16e8e479736/367/filename/5fa.png
2007,VIR,Virtus VidiVici,https://www.euroleague.net/competition/teams/showteam?clubcode=VIR&seasoncode=E2007,https://www.euroleague.net/rs/a35ciuuul3co6xdc/5fae8dff-b186-4e7f-a158-c16e8e479736/818/filename/5fa.png
2007,ZAL,Zalgiris,https://www.euroleague.net/competition/teams/showteam?clubcode=ZAL&seasoncode=E2007,https://www.euroleague.net/rs/a35b39s6ef7fo9pa/5fae8dff-b186-4e7f-a158-c16e8e479736/a77/filename/5fa.png
2008,AVE,Air Avellino,https://www.euroleague.net/competition/teams/showteam?clubcode=AVE&seasoncode=E2008,https://www.euroleague.net/rs/14567/5fae8dff-b186-4e7f-a158-c16e8e479736/8ac/filename/5fa.png
2008,MIL,AJ Milano,https://www.euroleague.net/competition/teams/showteam?clubcode=MIL&seasoncode=E2008,https://www.euroleague.net/rs/a35a8ng9dir9gnbb/5fae8dff-b186-4e7f-a158-c16e8e479736/287/filename/5fa.png
2008,BER,Alba Berlin,https://www.euroleague.net/competition/teams/showteam?clubcode=BER&seasoncode=E2008,https://www.euroleague.net/rs/a35fqimelipvlgk3/5fae8dff-b186-4e7f-a158-c16e8e479736/147/filename/5fa.png
2008,SOP,Asseco Prokom,https://www.euroleague.net/competition/teams/showteam?clubcode=SOP&seasoncode=E2008,https://www.euroleague.net/rs/a35bi4yocnc9jg9d/5fae8dff-b186-4e7f-a158-c16e8e479736/cf4/filename/5fa.png
2008,CIB,Cibona,https://www.euroleague.net/competition/teams/showteam?clubcode=CIB&seasoncode=E2008,https://www.euroleague.net/rs/14543/5fae8dff-b186-4e7f-a158-c16e8e479736/528/filename/5fa.png
2008,CSK,CSKA Moscow,https://www.euroleague.net/competition/teams/showteam?clubcode=CSK&seasoncode=E2008,https://www.euroleague.net/rs/a359ywvf43as6tee/5fae8dff-b186-4e7f-a158-c16e8e479736/777/filename/5fa.png
2008,JOV,DKV Joventut,https://www.euroleague.net/competition/teams/showteam?clubcode=JOV&seasoncode=E2008,https://www.euroleague.net/rs/a35bwyy5gt3xq4d7/5fae8dff-b186-4e7f-a158-c16e8e479736/2cb/filename/5fa.png
2008,IST,Efes Pilsen,https://www.euroleague.net/competition/teams/showteam?clubcode=IST&seasoncode=E2008,https://www.euroleague.net/rs/a35a6anofpgn5wca/5fae8dff-b186-4e7f-a158-c16e8e479736/7d6/filename/5fa.png
2008,ULK,Fenerbahce Ulker,https://www.euroleague.net/competition/teams/showteam?clubcode=ULK&seasoncode=E2008,https://www.euroleague.net/rs/a35ahld7vsu3xrgt/5fae8dff-b186-4e7f-a158-c16e8e479736/f9e/filename/5fa.png
2008,LEM,Le Mans,https://www.euroleague.net/competition/teams/showteam?clubcode=LEM&seasoncode=E2008,https://www.euroleague.net/rs/66o5596r6vti9krc/5fae8dff-b186-4e7f-a158-c16e8e479736/36e/filename/5fa.png
2008,ROM,Lottomatica Roma,https://www.euroleague.net/competition/teams/showteam?clubcode=ROM&seasoncode=E2008,https://www.euroleague.net/rs/14541/5fae8dff-b186-4e7f-a158-c16e8e479736/8c8/filename/5fa.png
2008,TEL,Maccabi Electra,https://www.euroleague.net/competition/teams/showteam?clubcode=TEL&seasoncode=E2008,https://www.euroleague.net/rs/a35apnp9acakcpfc/5fae8dff-b186-4e7f-a158-c16e8e479736/658/filename/5fa.png
2008,SIE,Montepaschi Siena,https://www.euroleague.net/competition/teams/showteam?clubcode=SIE&seasoncode=E2008,https://www.euroleague.net/rs/14529/5fae8dff-b186-4e7f-a158-c16e8e479736/60d/filename/5fa.png
2008,OLY,Olympiacos,https://www.euroleague.net/competition/teams/showteam?clubcode=OLY&seasoncode=E2008,https://www.euroleague.net/rs/a35arljanoudh995/5fae8dff-b186-4e7f-a158-c16e8e479736/c8c/filename/5fa.png
2008,PAN,Panathinaikos,https://www.euroleague.net/competition/teams/showteam?clubcode=PAN&seasoncode=E2008,https://www.euroleague.net/rs/a35atgy4e3u3txqh/5fae8dff-b186-4e7f-a158-c16e8e479736/c20/filename/5fa.png
2008,NIO,Panionios On Telecoms,https://www.euroleague.net/competition/teams/showteam?clubcode=NIO&seasoncode=E2008,https://www.euroleague.net/rs/39687/5fae8dff-b186-4e7f-a158-c16e8e479736/8d2/filename/5fa.png
2008,PAR,Partizan,https://www.euroleague.net/competition/teams/showteam?clubcode=PAR&seasoncode=E2008,https://www.euroleague.net/rs/a35cbqti3cm45opg/5fae8dff-b186-4e7f-a158-c16e8e479736/a2c/filename/5fa.png
2008,MAD,Real Madrid,https://www.euroleague.net/competition/teams/showteam?clubcode=MAD&seasoncode=E2008,https://www.euroleague.net/rs/a35av98vefmmr3gt/5fae8dff-b186-4e7f-a158-c16e8e479736/154/filename/5fa.png
2008,BAR,Regal FC Barcelona,https://www.euroleague.net/competition/teams/showteam?clubcode=BAR&seasoncode=E2008,https://www.euroleague.net/rs/a35abupuatwppttd/5fae8dff-b186-4e7f-a158-c16e8e479736/4a4/filename/5fa.png
2008,NAN,SLUC Nancy,https://www.euroleague.net/competition/teams/showteam?clubcode=NAN&seasoncode=E2008,https://www.euroleague.net/rs/67hrusk6539bjbl3/5fae8dff-b186-4e7f-a158-c16e8e479736/902/filename/5fa.png
2008,BAS,Tau Ceramica,https://www.euroleague.net/competition/teams/showteam?clubcode=BAS&seasoncode=E2008,https://www.euroleague.net/rs/a35alqtlytg7rvt7/5fae8dff-b186-4e7f-a158-c16e8e479736/cf3/filename/5fa.png
2008,MAL,Unicaja,https://www.euroleague.net/competition/teams/showteam?clubcode=MAL&seasoncode=E2008,https://www.euroleague.net/rs/a35cod7jmruy8e8y/5fae8dff-b186-4e7f-a158-c16e8e479736/737/filename/5fa.png
2008,LJU,Union Olimpija,https://www.euroleague.net/competition/teams/showteam?clubcode=LJU&seasoncode=E2008,https://www.euroleague.net/rs/a35blsmch9dkl358/5fae8dff-b186-4e7f-a158-c16e8e479736/367/filename/5fa.png
2008,ZAL,Zalgiris,https://www.euroleague.net/competition/teams/showteam?clubcode=ZAL&seasoncode=E2008,https://www.euroleague.net/rs/a35b39s6ef7fo9pa/5fae8dff-b186-4e7f-a158-c16e8e479736/a77/filename/5fa.png
2009,MIL,Armani Jeans Milano,https://www.euroleague.net/competition/teams/showteam?clubcode=MIL&seasoncode=E2009,https://www.euroleague.net/rs/a35a8ng9dir9gnbb/5fae8dff-b186-4e7f-a158-c16e8e479736/287/filename/5fa.png
2009,SOP,Asseco Prokom,https://www.euroleague.net/competition/teams/showteam?clubcode=SOP&seasoncode=E2009,https://www.euroleague.net/rs/a35bi4yocnc9jg9d/5fae8dff-b186-4e7f-a158-c16e8e479736/cf4/filename/5fa.png
2009,ASV,Asvel Basket,https://www.euroleague.net/competition/teams/showteam?clubcode=ASV&seasoncode=E2009,https://www.euroleague.net/rs/a35anmkqepkgw7pu/5fae8dff-b186-4e7f-a158-c16e8e479736/00c/filename/5fa.png
2009,BAS,Caja Laboral,https://www.euroleague.net/competition/teams/showteam?clubcode=BAS&seasoncode=E2009,https://www.euroleague.net/rs/a35alqtlytg7rvt7/5fae8dff-b186-4e7f-a158-c16e8e479736/cf3/filename/5fa.png
2009,CIB,Cibona,https://www.euroleague.net/competition/teams/showteam?clubcode=CIB&seasoncode=E2009,https://www.euroleague.net/rs/14543/5fae8dff-b186-4e7f-a158-c16e8e479736/528/filename/5fa.png
2009,CSK,CSKA Moscow,https://www.euroleague.net/competition/teams/showteam?clubcode=CSK&seasoncode=E2009,https://www.euroleague.net/rs/a359ywvf43as6tee/5fae8dff-b186-4e7f-a158-c16e8e479736/777/filename/5fa.png
2009,IST,Efes Pilsen,https://www.euroleague.net/competition/teams/showteam?clubcode=IST&seasoncode=E2009,https://www.euroleague.net/rs/a35a6anofpgn5wca/5fae8dff-b186-4e7f-a158-c16e8e479736/7d6/filename/5fa.png
2009,ORL,Entente Orleanaise,https://www.euroleague.net/competition/teams/showteam?clubcode=ORL&seasoncode=E2009,https://www.euroleague.net/rs/21029/5fae8dff-b186-4e7f-a158-c16e8e479736/d4b/filename/5fa.png
2009,OLD,EWE Baskets,https://www.euroleague.net/competition/teams/showteam?clubcode=OLD&seasoncode=E2009,https://www.euroleague.net/rs/a35brwfwjikv4dxr/5fae8dff-b186-4e7f-a158-c16e8e479736/280/filename/5fa.png
2009,ULK,Fenerbahce Ulker,https://www.euroleague.net/competition/teams/showteam?clubcode=ULK&seasoncode=E2009,https://www.euroleague.net/rs/a35ahld7vsu3xrgt/5fae8dff-b186-4e7f-a158-c16e8e479736/f9e/filename/5fa.png
2009,KHI,Khimki,https://www.euroleague.net/competition/teams/showteam?clubcode=KHI&seasoncode=E2009,https://www.euroleague.net/rs/a35ajhr9ujs437nd/5fae8dff-b186-4e7f-a158-c16e8e479736/b5e/filename/5fa.png
2009,LIE,Lietuvos Rytas,https://www.euroleague.net/competition/teams/showteam?clubcode=LIE&seasoncode=E2009,https://www.euroleague.net/rs/a35cgyhq39vdju75/5fae8dff-b186-4e7f-a158-c16e8e479736/d8c/filename/5fa.png
2009,ROM,Lottomatica Roma,https://www.euroleague.net/competition/teams/showteam?clubcode=ROM&seasoncode=E2009,https://www.euroleague.net/rs/14541/5fae8dff-b186-4e7f-a158-c16e8e479736/8c8/filename/5fa.png
2009,TEL,Maccabi Electra,https://www.euroleague.net/competition/teams/showteam?clubcode=TEL&seasoncode=E2009,https://www.euroleague.net/rs/a35apnp9acakcpfc/5fae8dff-b186-4e7f-a158-c16e8e479736/658/filename/5fa.png
2009,MAR,Maroussi,https://www.euroleague.net/competition/teams/showteam?clubcode=MAR&seasoncode=E2009,https://www.euroleague.net/rs/27872/5fae8dff-b186-4e7f-a158-c16e8e479736/306/filename/5fa.png
2009,SIE,Montepaschi Siena,https://www.euroleague.net/competition/teams/showteam?clubcode=SIE&seasoncode=E2009,https://www.euroleague.net/rs/14529/5fae8dff-b186-4e7f-a158-c16e8e479736/60d/filename/5fa.png
2009,OLY,Olympiacos,https://www.euroleague.net/competition/teams/showteam?clubcode=OLY&seasoncode=E2009,https://www.euroleague.net/rs/a35arljanoudh995/5fae8dff-b186-4e7f-a158-c16e8e479736/c8c/filename/5fa.png
2009,PAN,Panathinaikos,https://www.euroleague.net/competition/teams/showteam?clubcode=PAN&seasoncode=E2009,https://www.euroleague.net/rs/a35atgy4e3u3txqh/5fae8dff-b186-4e7f-a158-c16e8e479736/c20/filename/5fa.png
2009,PAR,Partizan,https://www.euroleague.net/competition/teams/showteam?clubcode=PAR&seasoncode=E2009,https://www.euroleague.net/rs/a35cbqti3cm45opg/5fae8dff-b186-4e7f-a158-c16e8e479736/a2c/filename/5fa.png
2009,MAD,Real Madrid,https://www.euroleague.net/competition/teams/showteam?clubcode=MAD&seasoncode=E2009,https://www.euroleague.net/rs/a35av98vefmmr3gt/5fae8dff-b186-4e7f-a158-c16e8e479736/154/filename/5fa.png
2009,BAR,Regal FC Barcelona,https://www.euroleague.net/competition/teams/showteam?clubcode=BAR&seasoncode=E2009,https://www.euroleague.net/rs/a35abupuatwppttd/5fae8dff-b186-4e7f-a158-c16e8e479736/4a4/filename/5fa.png
2009,MAL,Unicaja,https://www.euroleague.net/competition/teams/showteam?clubcode=MAL&seasoncode=E2009,https://www.euroleague.net/rs/a35cod7jmruy8e8y/5fae8dff-b186-4e7f-a158-c16e8e479736/737/filename/5fa.png
2009,LJU,Union Olimpija,https://www.euroleague.net/competition/teams/showteam?clubcode=LJU&seasoncode=E2009,https://www.euroleague.net/rs/a35blsmch9dkl358/5fae8dff-b186-4e7f-a158-c16e8e479736/367/filename/5fa.png
2009,ZAL,Zalgiris Kaunas,https://www.euroleague.net/competition/teams/showteam?clubcode=ZAL&seasoncode=E2009,https://www.euroleague.net/rs/a35b39s6ef7fo9pa/5fae8dff-b186-4e7f-a158-c16e8e479736/a77/filename/5fa.png
2010,MIL,Armani Jeans  Milano,https://www.euroleague.net/competition/teams/showteam?clubcode=MIL&seasoncode=E2010,https://www.euroleague.net/rs/a35a8ng9dir9gnbb/5fae8dff-b186-4e7f-a158-c16e8e479736/287/filename/5fa.png
2010,SOP,Asseco Prokom Gdynia,https://www.euroleague.net/competition/teams/showteam?clubcode=SOP&seasoncode=E2010,https://www.euroleague.net/rs/a35bi4yocnc9jg9d/5fae8dff-b186-4e7f-a158-c16e8e479736/cf4/filename/5fa.png
2010,BAM,Brose Baskets Bamberg,https://www.euroleague.net/competition/teams/showteam?clubcode=BAM&seasoncode=E2010,https://www.euroleague.net/rs/73kxg36ysqxnp7o5/5fae8dff-b186-4e7f-a158-c16e8e479736/88f/filename/5fa.jpg
2010,BAS,Caja Laboral Vitoria,https://www.euroleague.net/competition/teams/showteam?clubcode=BAS&seasoncode=E2010,https://www.euroleague.net/rs/a35alqtlytg7rvt7/5fae8dff-b186-4e7f-a158-c16e8e479736/cf3/filename/5fa.png
2010,CHO,Cholet Basket,https://www.euroleague.net/competition/teams/showteam?clubcode=CHO&seasoncode=E2010,https://www.euroleague.net/rs/41080/5fae8dff-b186-4e7f-a158-c16e8e479736/2bd/filename/5fa.jpg
2010,CIB,Cibona Zagreb,https://www.euroleague.net/competition/teams/showteam?clubcode=CIB&seasoncode=E2010,https://www.euroleague.net/rs/14543/5fae8dff-b186-4e7f-a158-c16e8e479736/528/filename/5fa.png
2010,CSK,CSKA Moscow,https://www.euroleague.net/competition/teams/showteam?clubcode=CSK&seasoncode=E2010,https://www.euroleague.net/rs/a359ywvf43as6tee/5fae8dff-b186-4e7f-a158-c16e8e479736/777/filename/5fa.png
2010,IST,Efes Pilsen Istanbul,https://www.euroleague.net/competition/teams/showteam?clubcode=IST&seasoncode=E2010,https://www.euroleague.net/rs/a35a6anofpgn5wca/5fae8dff-b186-4e7f-a158-c16e8e479736/7d6/filename/5fa.png
2010,ULK,Fenerbahce Ulker Istanbul,https://www.euroleague.net/competition/teams/showteam?clubcode=ULK&seasoncode=E2010,https://www.euroleague.net/rs/a35ahld7vsu3xrgt/5fae8dff-b186-4e7f-a158-c16e8e479736/f9e/filename/5fa.png
2010,KHI,Khimki Moscow Region,https://www.euroleague.net/competition/teams/showteam?clubcode=KHI&seasoncode=E2010,https://www.euroleague.net/rs/a35ajhr9ujs437nd/5fae8dff-b186-4e7f-a158-c16e8e479736/b5e/filename/5fa.png
2010,LIE,Lietuvos Rytas Vilnius,https://www.euroleague.net/competition/teams/showteam?clubcode=LIE&seasoncode=E2010,https://www.euroleague.net/rs/a35cgyhq39vdju75/5fae8dff-b186-4e7f-a158-c16e8e479736/d8c/filename/5fa.png
2010,ROM,Lottomatica Roma,https://www.euroleague.net/competition/teams/showteam?clubcode=ROM&seasoncode=E2010,https://www.euroleague.net/rs/14541/5fae8dff-b186-4e7f-a158-c16e8e479736/8c8/filename/5fa.png
2010,TEL,Maccabi Electra Tel Aviv,https://www.euroleague.net/competition/teams/showteam?clubcode=TEL&seasoncode=E2010,https://www.euroleague.net/rs/a35apnp9acakcpfc/5fae8dff-b186-4e7f-a158-c16e8e479736/658/filename/5fa.png
2010,SIE,Montepaschi Siena,https://www.euroleague.net/competition/teams/showteam?clubcode=SIE&seasoncode=E2010,https://www.euroleague.net/rs/14529/5fae8dff-b186-4e7f-a158-c16e8e479736/60d/filename/5fa.png
2010,OLY,Olympiacos Piraeus,https://www.euroleague.net/competition/teams/showteam?clubcode=OLY&seasoncode=E2010,https://www.euroleague.net/rs/a35arljanoudh995/5fae8dff-b186-4e7f-a158-c16e8e479736/c8c/filename/5fa.png
2010,PAN,Panathinaikos Athens,https://www.euroleague.net/competition/teams/showteam?clubcode=PAN&seasoncode=E2010,https://www.euroleague.net/rs/a35atgy4e3u3txqh/5fae8dff-b186-4e7f-a158-c16e8e479736/c20/filename/5fa.png
2010,PAR,Partizan mt:s Belgrade,https://www.euroleague.net/competition/teams/showteam?clubcode=PAR&seasoncode=E2010,https://www.euroleague.net/rs/a35cbqti3cm45opg/5fae8dff-b186-4e7f-a158-c16e8e479736/a2c/filename/5fa.png
2010,PAM,Power Electronics Valencia,https://www.euroleague.net/competition/teams/showteam?clubcode=PAM&seasoncode=E2010,https://www.euroleague.net/rs/a35awu3dcq9vu3i4/5fae8dff-b186-4e7f-a158-c16e8e479736/821/filename/5fa.png
2010,MAD,Real Madrid,https://www.euroleague.net/competition/teams/showteam?clubcode=MAD&seasoncode=E2010,https://www.euroleague.net/rs/a35av98vefmmr3gt/5fae8dff-b186-4e7f-a158-c16e8e479736/154/filename/5fa.png
2010,BAR,Regal Barcelona,https://www.euroleague.net/competition/teams/showteam?clubcode=BAR&seasoncode=E2010,https://www.euroleague.net/rs/a35abupuatwppttd/5fae8dff-b186-4e7f-a158-c16e8e479736/4a4/filename/5fa.png
2010,CHA,Spirou Charleroi,https://www.euroleague.net/competition/teams/showteam?clubcode=CHA&seasoncode=E2010,https://www.euroleague.net/rs/60539/5fae8dff-b186-4e7f-a158-c16e8e479736/886/filename/5fa.png
2010,MAL,Unicaja Malaga,https://www.euroleague.net/competition/teams/showteam?clubcode=MAL&seasoncode=E2010,https://www.euroleague.net/rs/a35cod7jmruy8e8y/5fae8dff-b186-4e7f-a158-c16e8e479736/737/filename/5fa.png
2010,LJU,Union Olimpija Ljubljana,https://www.euroleague.net/competition/teams/showteam?clubcode=LJU&seasoncode=E2010,https://www.euroleague.net/rs/a35blsmch9dkl358/5fae8dff-b186-4e7f-a158-c16e8e479736/367/filename/5fa.png
2010,ZAL,Zalgiris Kaunas,https://www.euroleague.net/competition/teams/showteam?clubcode=ZAL&seasoncode=E2010,https://www.euroleague.net/rs/a35b39s6ef7fo9pa/5fae8dff-b186-4e7f-a158-c16e8e479736/a77/filename/5fa.png
2011,IST,Anadolu Efes Istanbul,https://www.euroleague.net/competition/teams/showteam?clubcode=IST&seasoncode=E2011,https://www.euroleague.net/rs/a35a6anofpgn5wca/5fae8dff-b186-4e7f-a158-c16e8e479736/7d6/filename/5fa.png
2011,SOP,Asseco Prokom Gdynia,https://www.euroleague.net/competition/teams/showteam?clubcode=SOP&seasoncode=E2011,https://www.euroleague.net/rs/a35bi4yocnc9jg9d/5fae8dff-b186-4e7f-a158-c16e8e479736/cf4/filename/5fa.png
2011,CHA,Belgacom Spirou Charleroi,https://www.euroleague.net/competition/teams/showteam?clubcode=CHA&seasoncode=E2011,https://www.euroleague.net/rs/60539/5fae8dff-b186-4e7f-a158-c16e8e479736/886/filename/5fa.png
2011,CTU,Bennet Cantu,https://www.euroleague.net/competition/teams/showteam?clubcode=CTU&seasoncode=E2011,https://www.euroleague.net/rs/28015/5fae8dff-b186-4e7f-a158-c16e8e479736/3a7/filename/5fa.png
2011,BAM,Brose Baskets,https://www.euroleague.net/competition/teams/showteam?clubcode=BAM&seasoncode=E2011,https://www.euroleague.net/rs/73kxg36ysqxnp7o5/5fae8dff-b186-4e7f-a158-c16e8e479736/88f/filename/5fa.jpg
2011,BAS,Caja Laboral,https://www.euroleague.net/competition/teams/showteam?clubcode=BAS&seasoncode=E2011,https://www.euroleague.net/rs/a35alqtlytg7rvt7/5fae8dff-b186-4e7f-a158-c16e8e479736/cf3/filename/5fa.png
2011,CSK,CSKA Moscow,https://www.euroleague.net/competition/teams/showteam?clubcode=CSK&seasoncode=E2011,https://www.euroleague.net/rs/a359ywvf43as6tee/5fae8dff-b186-4e7f-a158-c16e8e479736/777/filename/5fa.png
2011,MIL,EA7 Emporio Armani,https://www.euroleague.net/competition/teams/showteam?clubcode=MIL&seasoncode=E2011,https://www.euroleague.net/rs/a35a8ng9dir9gnbb/5fae8dff-b186-4e7f-a158-c16e8e479736/287/filename/5fa.png
2011,BAR,FC Barcelona Regal,https://www.euroleague.net/competition/teams/showteam?clubcode=BAR&seasoncode=E2011,https://www.euroleague.net/rs/a35abupuatwppttd/5fae8dff-b186-4e7f-a158-c16e8e479736/4a4/filename/5fa.png
2011,ULK,Fenerbahce Ulker,https://www.euroleague.net/competition/teams/showteam?clubcode=ULK&seasoncode=E2011,https://www.euroleague.net/rs/a35ahld7vsu3xrgt/5fae8dff-b186-4e7f-a158-c16e8e479736/f9e/filename/5fa.png
2011,GAL,Galatasaray Medical Park,https://www.euroleague.net/competition/teams/showteam?clubcode=GAL&seasoncode=E2011,https://www.euroleague.net/rs/a35fmd7en4cw7ekd/5fae8dff-b186-4e7f-a158-c16e8e479736/d42/filename/5fa.png
2011,BIL,Gescrap Bilbao Basket,https://www.euroleague.net/competition/teams/showteam?clubcode=BIL&seasoncode=E2011,https://www.euroleague.net/rs/7yeopsaltbtv5es7/5fae8dff-b186-4e7f-a158-c16e8e479736/8e1/filename/5fa.png
2011,TEL,Maccabi Electra Tel Aviv,https://www.euroleague.net/competition/teams/showteam?clubcode=TEL&seasoncode=E2011,https://www.euroleague.net/rs/a35apnp9acakcpfc/5fae8dff-b186-4e7f-a158-c16e8e479736/658/filename/5fa.png
2011,SIE,Montepaschi Siena,https://www.euroleague.net/competition/teams/showteam?clubcode=SIE&seasoncode=E2011,https://www.euroleague.net/rs/14529/5fae8dff-b186-4e7f-a158-c16e8e479736/60d/filename/5fa.png
2011,OLY,Olympiacos Piraeus,https://www.euroleague.net/competition/teams/showteam?clubcode=OLY&seasoncode=E2011,https://www.euroleague.net/rs/a35arljanoudh995/5fae8dff-b186-4e7f-a158-c16e8e479736/c8c/filename/5fa.png
2011,PAN,Panathinaikos Athens,https://www.euroleague.net/competition/teams/showteam?clubcode=PAN&seasoncode=E2011,https://www.euroleague.net/rs/a35atgy4e3u3txqh/5fae8dff-b186-4e7f-a158-c16e8e479736/c20/filename/5fa.png
2011,PAR,Partizan mt:s Belgrade,https://www.euroleague.net/competition/teams/showteam?clubcode=PAR&seasoncode=E2011,https://www.euroleague.net/rs/a35cbqti3cm45opg/5fae8dff-b186-4e7f-a158-c16e8e479736/a2c/filename/5fa.png
2011,MAD,Real Madrid,https://www.euroleague.net/competition/teams/showteam?clubcode=MAD&seasoncode=E2011,https://www.euroleague.net/rs/a35av98vefmmr3gt/5fae8dff-b186-4e7f-a158-c16e8e479736/154/filename/5fa.png
2011,NAN,SLUC Nancy,https://www.euroleague.net/competition/teams/showteam?clubcode=NAN&seasoncode=E2011,https://www.euroleague.net/rs/67hrusk6539bjbl3/5fae8dff-b186-4e7f-a158-c16e8e479736/902/filename/5fa.png
2011,MAL,Unicaja Malaga,https://www.euroleague.net/competition/teams/showteam?clubcode=MAL&seasoncode=E2011,https://www.euroleague.net/rs/a35cod7jmruy8e8y/5fae8dff-b186-4e7f-a158-c16e8e479736/737/filename/5fa.png
2011,UNK,Unics Kazan,https://www.euroleague.net/competition/teams/showteam?clubcode=UNK&seasoncode=E2011,https://www.euroleague.net/rs/a35cq8x5jbfnvi7j/5fae8dff-b186-4e7f-a158-c16e8e479736/499/filename/5fa.png
2011,LJU,Union Olimpija Ljubljana,https://www.euroleague.net/competition/teams/showteam?clubcode=LJU&seasoncode=E2011,https://www.euroleague.net/rs/a35blsmch9dkl358/5fae8dff-b186-4e7f-a158-c16e8e479736/367/filename/5fa.png
2011,ZAG,Zagreb,https://www.euroleague.net/competition/teams/showteam?clubcode=ZAG&seasoncode=E2011,https://www.euroleague.net/rs/27660/5fae8dff-b186-4e7f-a158-c16e8e479736/a58/filename/5fa.jpg
2011,ZAL,Zalgiris Kaunas,https://www.euroleague.net/competition/teams/showteam?clubcode=ZAL&seasoncode=E2011,https://www.euroleague.net/rs/a35b39s6ef7fo9pa/5fae8dff-b186-4e7f-a158-c16e8e479736/a77/filename/5fa.png
2012,BER,Alba Berlin,https://www.euroleague.net/competition/teams/showteam?clubcode=BER&seasoncode=E2012,https://www.euroleague.net/rs/a35fqimelipvlgk3/5fae8dff-b186-4e7f-a158-c16e8e479736/147/filename/5fa.png
2012,IST,Anadolu Efes Istanbul,https://www.euroleague.net/competition/teams/showteam?clubcode=IST&seasoncode=E2012,https://www.euroleague.net/rs/a35a6anofpgn5wca/5fae8dff-b186-4e7f-a158-c16e8e479736/7d6/filename/5fa.png
2012,SOP,Asseco Prokom Gdynia,https://www.euroleague.net/competition/teams/showteam?clubcode=SOP&seasoncode=E2012,https://www.euroleague.net/rs/a35bi4yocnc9jg9d/5fae8dff-b186-4e7f-a158-c16e8e479736/cf4/filename/5fa.png
2012,BES,Besiktas JK Istanbul,https://www.euroleague.net/competition/teams/showteam?clubcode=BES&seasoncode=E2012,https://www.euroleague.net/rs/6ea3ofk3tgwk9e7i/5fae8dff-b186-4e7f-a158-c16e8e479736/a2a/filename/5fa.jpg
2012,BAM,Brose Baskets Bamberg,https://www.euroleague.net/competition/teams/showteam?clubcode=BAM&seasoncode=E2012,https://www.euroleague.net/rs/73kxg36ysqxnp7o5/5fae8dff-b186-4e7f-a158-c16e8e479736/88f/filename/5fa.jpg
2012,CED,Cedevita Zagreb,https://www.euroleague.net/competition/teams/showteam?clubcode=CED&seasoncode=E2012,https://www.euroleague.net/rs/79r4rx7fcdji8b3k/5fae8dff-b186-4e7f-a158-c16e8e479736/d1e/filename/5fa.png
2012,CSK,CSKA Moscow,https://www.euroleague.net/competition/teams/showteam?clubcode=CSK&seasoncode=E2012,https://www.euroleague.net/rs/a359ywvf43as6tee/5fae8dff-b186-4e7f-a158-c16e8e479736/777/filename/5fa.png
2012,MIL,EA7 Emporio Armani Milan,https://www.euroleague.net/competition/teams/showteam?clubcode=MIL&seasoncode=E2012,https://www.euroleague.net/rs/a35a8ng9dir9gnbb/5fae8dff-b186-4e7f-a158-c16e8e479736/287/filename/5fa.png
2012,CHL,Elan Chalon-Sur-Saone,https://www.euroleague.net/competition/teams/showteam?clubcode=CHL&seasoncode=E2012,https://www.euroleague.net/rs/47504/5fae8dff-b186-4e7f-a158-c16e8e479736/8e5/filename/5fa.png
2012,BAR,FC Barcelona Regal,https://www.euroleague.net/competition/teams/showteam?clubcode=BAR&seasoncode=E2012,https://www.euroleague.net/rs/a35abupuatwppttd/5fae8dff-b186-4e7f-a158-c16e8e479736/4a4/filename/5fa.png
2012,ULK,Fenerbahce Ulker Istanbul,https://www.euroleague.net/competition/teams/showteam?clubcode=ULK&seasoncode=E2012,https://www.euroleague.net/rs/a35ahld7vsu3xrgt/5fae8dff-b186-4e7f-a158-c16e8e479736/f9e/filename/5fa.png
2012,KHI,Khimki Moscow Region,https://www.euroleague.net/competition/teams/showteam?clubcode=KHI&seasoncode=E2012,https://www.euroleague.net/rs/a35ajhr9ujs437nd/5fae8dff-b186-4e7f-a158-c16e8e479736/b5e/filename/5fa.png
2012,BAS,Laboral Kutxa Vitoria,https://www.euroleague.net/competition/teams/showteam?clubcode=BAS&seasoncode=E2012,https://www.euroleague.net/rs/a35alqtlytg7rvt7/5fae8dff-b186-4e7f-a158-c16e8e479736/cf3/filename/5fa.png
2012,LIE,Lietuvos Rytas Vilnius,https://www.euroleague.net/competition/teams/showteam?clubcode=LIE&seasoncode=E2012,https://www.euroleague.net/rs/a35cgyhq39vdju75/5fae8dff-b186-4e7f-a158-c16e8e479736/d8c/filename/5fa.png
2012,TEL,Maccabi Electra Tel Aviv,https://www.euroleague.net/competition/teams/showteam?clubcode=TEL&seasoncode=E2012,https://www.euroleague.net/rs/a35apnp9acakcpfc/5fae8dff-b186-4e7f-a158-c16e8e479736/658/filename/5fa.png
2012,CTU,Mapooro Cantu,https://www.euroleague.net/competition/teams/showteam?clubcode=CTU&seasoncode=E2012,https://www.euroleague.net/rs/28015/5fae8dff-b186-4e7f-a158-c16e8e479736/3a7/filename/5fa.png
2012,SIE,Montepaschi Siena,https://www.euroleague.net/competition/teams/showteam?clubcode=SIE&seasoncode=E2012,https://www.euroleague.net/rs/14529/5fae8dff-b186-4e7f-a158-c16e8e479736/60d/filename/5fa.png
2012,OLY,Olympiacos Piraeus,https://www.euroleague.net/competition/teams/showteam?clubcode=OLY&seasoncode=E2012,https://www.euroleague.net/rs/a35arljanoudh995/5fae8dff-b186-4e7f-a158-c16e8e479736/c8c/filename/5fa.png
2012,PAN,Panathinaikos Athens,https://www.euroleague.net/competition/teams/showteam?clubcode=PAN&seasoncode=E2012,https://www.euroleague.net/rs/a35atgy4e3u3txqh/5fae8dff-b186-4e7f-a158-c16e8e479736/c20/filename/5fa.png
2012,PAR,Partizan mt:s Belgrade,https://www.euroleague.net/competition/teams/showteam?clubcode=PAR&seasoncode=E2012,https://www.euroleague.net/rs/a35cbqti3cm45opg/5fae8dff-b186-4e7f-a158-c16e8e479736/a2c/filename/5fa.png
2012,MAD,Real Madrid,https://www.euroleague.net/competition/teams/showteam?clubcode=MAD&seasoncode=E2012,https://www.euroleague.net/rs/a35av98vefmmr3gt/5fae8dff-b186-4e7f-a158-c16e8e479736/154/filename/5fa.png
2012,MAL,Unicaja Malaga,https://www.euroleague.net/competition/teams/showteam?clubcode=MAL&seasoncode=E2012,https://www.euroleague.net/rs/a35cod7jmruy8e8y/5fae8dff-b186-4e7f-a158-c16e8e479736/737/filename/5fa.png
2012,LJU,Union Olimpija Ljubljana,https://www.euroleague.net/competition/teams/showteam?clubcode=LJU&seasoncode=E2012,https://www.euroleague.net/rs/a35blsmch9dkl358/5fae8dff-b186-4e7f-a158-c16e8e479736/367/filename/5fa.png
2012,ZAL,Zalgiris Kaunas,https://www.euroleague.net/competition/teams/showteam?clubcode=ZAL&seasoncode=E2012,https://www.euroleague.net/rs/a35b39s6ef7fo9pa/5fae8dff-b186-4e7f-a158-c16e8e479736/a77/filename/5fa.png
2013,IST,Anadolu Efes Istanbul,https://www.euroleague.net/competition/teams/showteam?clubcode=IST&seasoncode=E2013,https://www.euroleague.net/rs/a35a6anofpgn5wca/5fae8dff-b186-4e7f-a158-c16e8e479736/7d6/filename/5fa.png
2013,BAM,Brose Baskets Bamberg,https://www.euroleague.net/competition/teams/showteam?clubcode=BAM&seasoncode=E2013,https://www.euroleague.net/rs/73kxg36ysqxnp7o5/5fae8dff-b186-4e7f-a158-c16e8e479736/88f/filename/5fa.jpg
2013,NIK,Budivelnik Kiev,https://www.euroleague.net/competition/teams/showteam?clubcode=NIK&seasoncode=E2013,https://www.euroleague.net/rs/44367/5fae8dff-b186-4e7f-a158-c16e8e479736/ded/filename/5fa.jpg
2013,RED,Crvena Zvezda Telekom Belgrade,https://www.euroleague.net/competition/teams/showteam?clubcode=RED&seasoncode=E2013,https://www.euroleague.net/rs/a35fslptloqpsf9w/5fae8dff-b186-4e7f-a158-c16e8e479736/961/filename/5fa.png
2013,CSK,CSKA Moscow,https://www.euroleague.net/competition/teams/showteam?clubcode=CSK&seasoncode=E2013,https://www.euroleague.net/rs/a359ywvf43as6tee/5fae8dff-b186-4e7f-a158-c16e8e479736/777/filename/5fa.png
2013,MIL,EA7 Emporio Armani Milan,https://www.euroleague.net/competition/teams/showteam?clubcode=MIL&seasoncode=E2013,https://www.euroleague.net/rs/a35a8ng9dir9gnbb/5fae8dff-b186-4e7f-a158-c16e8e479736/287/filename/5fa.png
2013,BAR,FC Barcelona,https://www.euroleague.net/competition/teams/showteam?clubcode=BAR&seasoncode=E2013,https://www.euroleague.net/rs/a35abupuatwppttd/5fae8dff-b186-4e7f-a158-c16e8e479736/4a4/filename/5fa.png
2013,MUN,FC Bayern Munich,https://www.euroleague.net/competition/teams/showteam?clubcode=MUN&seasoncode=E2013,https://www.euroleague.net/rs/a35aehaydcwoshxi/5fae8dff-b186-4e7f-a158-c16e8e479736/553/filename/5fa.png
2013,ULK,Fenerbahce Ulker Istanbul,https://www.euroleague.net/competition/teams/showteam?clubcode=ULK&seasoncode=E2013,https://www.euroleague.net/rs/a35ahld7vsu3xrgt/5fae8dff-b186-4e7f-a158-c16e8e479736/f9e/filename/5fa.png
2013,GAL,Galatasaray Liv Hospital Istanbul,https://www.euroleague.net/competition/teams/showteam?clubcode=GAL&seasoncode=E2013,https://www.euroleague.net/rs/a35fmd7en4cw7ekd/5fae8dff-b186-4e7f-a158-c16e8e479736/d42/filename/5fa.png
2013,NTR,JSF Nanterre,https://www.euroleague.net/competition/teams/showteam?clubcode=NTR&seasoncode=E2013,https://www.euroleague.net/rs/a35c9srnipc3t9lm/5fae8dff-b186-4e7f-a158-c16e8e479736/4af/filename/5fa.png
2013,BAS,Laboral Kutxa Vitoria,https://www.euroleague.net/competition/teams/showteam?clubcode=BAS&seasoncode=E2013,https://www.euroleague.net/rs/a35alqtlytg7rvt7/5fae8dff-b186-4e7f-a158-c16e8e479736/cf3/filename/5fa.png
2013,LIE,Lietuvos Rytas Vilnius,https://www.euroleague.net/competition/teams/showteam?clubcode=LIE&seasoncode=E2013,https://www.euroleague.net/rs/a35cgyhq39vdju75/5fae8dff-b186-4e7f-a158-c16e8e479736/d8c/filename/5fa.png
2013,TIV,Lokomotiv Kuban Krasnodar,https://www.euroleague.net/competition/teams/showteam?clubcode=TIV&seasoncode=E2013,https://www.euroleague.net/rs/a35c4iluylfnxar4/5fae8dff-b186-4e7f-a158-c16e8e479736/1d0/filename/5fa.png
2013,TEL,Maccabi Electra Tel Aviv,https://www.euroleague.net/competition/teams/showteam?clubcode=TEL&seasoncode=E2013,https://www.euroleague.net/rs/a35apnp9acakcpfc/5fae8dff-b186-4e7f-a158-c16e8e479736/658/filename/5fa.png
2013,SIE,Montepaschi Siena,https://www.euroleague.net/competition/teams/showteam?clubcode=SIE&seasoncode=E2013,https://www.euroleague.net/rs/14529/5fae8dff-b186-4e7f-a158-c16e8e479736/60d/filename/5fa.png
2013,OLY,Olympiacos Piraeus,https://www.euroleague.net/competition/teams/showteam?clubcode=OLY&seasoncode=E2013,https://www.euroleague.net/rs/a35arljanoudh995/5fae8dff-b186-4e7f-a158-c16e8e479736/c8c/filename/5fa.png
2013,PAN,Panathinaikos Athens,https://www.euroleague.net/competition/teams/showteam?clubcode=PAN&seasoncode=E2013,https://www.euroleague.net/rs/a35atgy4e3u3txqh/5fae8dff-b186-4e7f-a158-c16e8e479736/c20/filename/5fa.png
2013,PAR,Partizan NIS Belgrade,https://www.euroleague.net/competition/teams/showteam?clubcode=PAR&seasoncode=E2013,https://www.euroleague.net/rs/a35cbqti3cm45opg/5fae8dff-b186-4e7f-a158-c16e8e479736/a2c/filename/5fa.png
2013,MAD,Real Madrid,https://www.euroleague.net/competition/teams/showteam?clubcode=MAD&seasoncode=E2013,https://www.euroleague.net/rs/a35av98vefmmr3gt/5fae8dff-b186-4e7f-a158-c16e8e479736/154/filename/5fa.png
2013,GSS,Stelmet Zielona Gora,https://www.euroleague.net/competition/teams/showteam?clubcode=GSS&seasoncode=E2013,https://www.euroleague.net/rs/67ci489etmhjdk8b/5fae8dff-b186-4e7f-a158-c16e8e479736/c9d/filename/5fa.png
2013,STR,Strasbourg,https://www.euroleague.net/competition/teams/showteam?clubcode=STR&seasoncode=E2013,https://www.euroleague.net/rs/679wlvtbkwuff777/5fae8dff-b186-4e7f-a158-c16e8e479736/c34/filename/5fa.png
2013,MAL,Unicaja Malaga,https://www.euroleague.net/competition/teams/showteam?clubcode=MAL&seasoncode=E2013,https://www.euroleague.net/rs/a35cod7jmruy8e8y/5fae8dff-b186-4e7f-a158-c16e8e479736/737/filename/5fa.png
2013,ZAL,Zalgiris Kaunas,https://www.euroleague.net/competition/teams/showteam?clubcode=ZAL&seasoncode=E2013,https://www.euroleague.net/rs/a35b39s6ef7fo9pa/5fae8dff-b186-4e7f-a158-c16e8e479736/a77/filename/5fa.png
2014,BER,ALBA Berlin,https://www.euroleague.net/competition/teams/showteam?clubcode=BER&seasoncode=E2014,https://www.euroleague.net/rs/a35fqimelipvlgk3/5fae8dff-b186-4e7f-a158-c16e8e479736/147/filename/5fa.png
2014,IST,Anadolu Efes Istanbul,https://www.euroleague.net/competition/teams/showteam?clubcode=IST&seasoncode=E2014,https://www.euroleague.net/rs/a35a6anofpgn5wca/5fae8dff-b186-4e7f-a158-c16e8e479736/7d6/filename/5fa.png
2014,CED,Cedevita Zagreb,https://www.euroleague.net/competition/teams/showteam?clubcode=CED&seasoncode=E2014,https://www.euroleague.net/rs/79r4rx7fcdji8b3k/5fae8dff-b186-4e7f-a158-c16e8e479736/d1e/filename/5fa.png
2014,RED,Crvena Zvezda Telekom Belgrade,https://www.euroleague.net/competition/teams/showteam?clubcode=RED&seasoncode=E2014,https://www.euroleague.net/rs/a35fslptloqpsf9w/5fae8dff-b186-4e7f-a158-c16e8e479736/961/filename/5fa.png
2014,CSK,CSKA Moscow,https://www.euroleague.net/competition/teams/showteam?clubcode=CSK&seasoncode=E2014,https://www.euroleague.net/rs/a359ywvf43as6tee/5fae8dff-b186-4e7f-a158-c16e8e479736/777/filename/5fa.png
2014,SAS,Dinamo Banco di Sardegna Sassari,https://www.euroleague.net/competition/teams/showteam?clubcode=SAS&seasoncode=E2014,https://www.euroleague.net/rs/39691/5fae8dff-b186-4e7f-a158-c16e8e479736/aa4/filename/5fa.png
2014,MIL,EA7 Emporio Armani Milan,https://www.euroleague.net/competition/teams/showteam?clubcode=MIL&seasoncode=E2014,https://www.euroleague.net/rs/a35a8ng9dir9gnbb/5fae8dff-b186-4e7f-a158-c16e8e479736/287/filename/5fa.png
2014,BAR,FC Barcelona,https://www.euroleague.net/competition/teams/showteam?clubcode=BAR&seasoncode=E2014,https://www.euroleague.net/rs/a35abupuatwppttd/5fae8dff-b186-4e7f-a158-c16e8e479736/4a4/filename/5fa.png
2014,MUN,FC Bayern Munich,https://www.euroleague.net/competition/teams/showteam?clubcode=MUN&seasoncode=E2014,https://www.euroleague.net/rs/a35aehaydcwoshxi/5fae8dff-b186-4e7f-a158-c16e8e479736/553/filename/5fa.png
2014,ULK,Fenerbahce Ulker Istanbul,https://www.euroleague.net/competition/teams/showteam?clubcode=ULK&seasoncode=E2014,https://www.euroleague.net/rs/a35ahld7vsu3xrgt/5fae8dff-b186-4e7f-a158-c16e8e479736/f9e/filename/5fa.png
2014,GAL,Galatasaray Liv Hospital Istanbul,https://www.euroleague.net/competition/teams/showteam?clubcode=GAL&seasoncode=E2014,https://www.euroleague.net/rs/a35fmd7en4cw7ekd/5fae8dff-b186-4e7f-a158-c16e8e479736/d42/filename/5fa.png
2014,BAS,Laboral Kutxa Vitoria,https://www.euroleague.net/competition/teams/showteam?clubcode=BAS&seasoncode=E2014,https://www.euroleague.net/rs/a35alqtlytg7rvt7/5fae8dff-b186-4e7f-a158-c16e8e479736/cf3/filename/5fa.png
2014,LMG,Limoges CSP,https://www.euroleague.net/competition/teams/showteam?clubcode=LMG&seasoncode=E2014,https://www.euroleague.net/rs/a35byjp75jlkjvaa/5fae8dff-b186-4e7f-a158-c16e8e479736/902/filename/5fa.png
2014,TEL,Maccabi Electra Tel Aviv,https://www.euroleague.net/competition/teams/showteam?clubcode=TEL&seasoncode=E2014,https://www.euroleague.net/rs/a35apnp9acakcpfc/5fae8dff-b186-4e7f-a158-c16e8e479736/658/filename/5fa.png
2014,KLA,Neptunas Klaipeda,https://www.euroleague.net/competition/teams/showteam?clubcode=KLA&seasoncode=E2014,https://www.euroleague.net/rs/46138/5fae8dff-b186-4e7f-a158-c16e8e479736/44a/filename/5fa.png
2014,NOV,Nizhny Novgorod,https://www.euroleague.net/competition/teams/showteam?clubcode=NOV&seasoncode=E2014,https://www.euroleague.net/rs/74m5mf7htusgpy7a/5fae8dff-b186-4e7f-a158-c16e8e479736/3b9/filename/5fa.png
2014,OLY,Olympiacos Piraeus,https://www.euroleague.net/competition/teams/showteam?clubcode=OLY&seasoncode=E2014,https://www.euroleague.net/rs/a35arljanoudh995/5fae8dff-b186-4e7f-a158-c16e8e479736/c8c/filename/5fa.png
2014,PAN,Panathinaikos Athens,https://www.euroleague.net/competition/teams/showteam?clubcode=PAN&seasoncode=E2014,https://www.euroleague.net/rs/a35atgy4e3u3txqh/5fae8dff-b186-4e7f-a158-c16e8e479736/c20/filename/5fa.png
2014,ZGO,PGE Turow Zgorzelec,https://www.euroleague.net/competition/teams/showteam?clubcode=ZGO&seasoncode=E2014,https://www.euroleague.net/rs/14461/5fae8dff-b186-4e7f-a158-c16e8e479736/252/filename/5fa.png
2014,MAD,Real Madrid,https://www.euroleague.net/competition/teams/showteam?clubcode=MAD&seasoncode=E2014,https://www.euroleague.net/rs/a35av98vefmmr3gt/5fae8dff-b186-4e7f-a158-c16e8e479736/154/filename/5fa.png
2014,MAL,Unicaja Malaga,https://www.euroleague.net/competition/teams/showteam?clubcode=MAL&seasoncode=E2014,https://www.euroleague.net/rs/a35cod7jmruy8e8y/5fae8dff-b186-4e7f-a158-c16e8e479736/737/filename/5fa.png
2014,UNK,Unics Kazan,https://www.euroleague.net/competition/teams/showteam?clubcode=UNK&seasoncode=E2014,https://www.euroleague.net/rs/a35cq8x5jbfnvi7j/5fae8dff-b186-4e7f-a158-c16e8e479736/499/filename/5fa.png
2014,PAM,Valencia Basket,https://www.euroleague.net/competition/teams/showteam?clubcode=PAM&seasoncode=E2014,https://www.euroleague.net/rs/a35awu3dcq9vu3i4/5fae8dff-b186-4e7f-a158-c16e8e479736/821/filename/5fa.png
2014,ZAL,Zalgiris Kaunas,https://www.euroleague.net/competition/teams/showteam?clubcode=ZAL&seasoncode=E2014,https://www.euroleague.net/rs/a35b39s6ef7fo9pa/5fae8dff-b186-4e7f-a158-c16e8e479736/a77/filename/5fa.png
2015,IST,Anadolu Efes Istanbul,https://www.euroleague.net/competition/teams/showteam?clubcode=IST&seasoncode=E2015,https://www.euroleague.net/rs/a35a6anofpgn5wca/5fae8dff-b186-4e7f-a158-c16e8e479736/7d6/filename/5fa.png
2015,BAM,Brose Baskets Bamberg,https://www.euroleague.net/competition/teams/showteam?clubcode=BAM&seasoncode=E2015,https://www.euroleague.net/rs/73kxg36ysqxnp7o5/5fae8dff-b186-4e7f-a158-c16e8e479736/88f/filename/5fa.jpg
2015,CED,Cedevita Zagreb,https://www.euroleague.net/competition/teams/showteam?clubcode=CED&seasoncode=E2015,https://www.euroleague.net/rs/79r4rx7fcdji8b3k/5fae8dff-b186-4e7f-a158-c16e8e479736/d1e/filename/5fa.png
2015,RED,Crvena Zvezda Telekom Belgrade,https://www.euroleague.net/competition/teams/showteam?clubcode=RED&seasoncode=E2015,https://www.euroleague.net/rs/a35fslptloqpsf9w/5fae8dff-b186-4e7f-a158-c16e8e479736/961/filename/5fa.png
2015,CSK,CSKA Moscow,https://www.euroleague.net/competition/teams/showteam?clubcode=CSK&seasoncode=E2015,https://www.euroleague.net/rs/a359ywvf43as6tee/5fae8dff-b186-4e7f-a158-c16e8e479736/777/filename/5fa.png
2015,DAR,Darussafaka Dogus Istanbul,https://www.euroleague.net/competition/teams/showteam?clubcode=DAR&seasoncode=E2015,https://www.euroleague.net/rs/a35bnx7857sudrnq/5fae8dff-b186-4e7f-a158-c16e8e479736/414/filename/5fa.png
2015,SAS,Dinamo Banco di Sardegna Sassari,https://www.euroleague.net/competition/teams/showteam?clubcode=SAS&seasoncode=E2015,https://www.euroleague.net/rs/39691/5fae8dff-b186-4e7f-a158-c16e8e479736/aa4/filename/5fa.png
2015,MIL,EA7 Emporio Armani Milan,https://www.euroleague.net/competition/teams/showteam?clubcode=MIL&seasoncode=E2015,https://www.euroleague.net/rs/a35a8ng9dir9gnbb/5fae8dff-b186-4e7f-a158-c16e8e479736/287/filename/5fa.png
2015,BAR,FC Barcelona Lassa,https://www.euroleague.net/competition/teams/showteam?clubcode=BAR&seasoncode=E2015,https://www.euroleague.net/rs/a35abupuatwppttd/5fae8dff-b186-4e7f-a158-c16e8e479736/4a4/filename/5fa.png
2015,MUN,FC Bayern Munich,https://www.euroleague.net/competition/teams/showteam?clubcode=MUN&seasoncode=E2015,https://www.euroleague.net/rs/a35aehaydcwoshxi/5fae8dff-b186-4e7f-a158-c16e8e479736/553/filename/5fa.png
2015,ULK,Fenerbahce Istanbul,https://www.euroleague.net/competition/teams/showteam?clubcode=ULK&seasoncode=E2015,https://www.euroleague.net/rs/a35ahld7vsu3xrgt/5fae8dff-b186-4e7f-a158-c16e8e479736/f9e/filename/5fa.png
2015,KHI,Khimki Moscow Region,https://www.euroleague.net/competition/teams/showteam?clubcode=KHI&seasoncode=E2015,https://www.euroleague.net/rs/a35ajhr9ujs437nd/5fae8dff-b186-4e7f-a158-c16e8e479736/b5e/filename/5fa.png
2015,BAS,Laboral Kutxa Vitoria Gasteiz,https://www.euroleague.net/competition/teams/showteam?clubcode=BAS&seasoncode=E2015,https://www.euroleague.net/rs/a35alqtlytg7rvt7/5fae8dff-b186-4e7f-a158-c16e8e479736/cf3/filename/5fa.png
2015,LMG,Limoges CSP,https://www.euroleague.net/competition/teams/showteam?clubcode=LMG&seasoncode=E2015,https://www.euroleague.net/rs/a35byjp75jlkjvaa/5fae8dff-b186-4e7f-a158-c16e8e479736/902/filename/5fa.png
2015,TIV,Lokomotiv Kuban Krasnodar,https://www.euroleague.net/competition/teams/showteam?clubcode=TIV&seasoncode=E2015,https://www.euroleague.net/rs/a35c4iluylfnxar4/5fae8dff-b186-4e7f-a158-c16e8e479736/1d0/filename/5fa.png
2015,TEL,Maccabi FOX Tel Aviv,https://www.euroleague.net/competition/teams/showteam?clubcode=TEL&seasoncode=E2015,https://www.euroleague.net/rs/a35apnp9acakcpfc/5fae8dff-b186-4e7f-a158-c16e8e479736/658/filename/5fa.png
2015,OLY,Olympiacos Piraeus,https://www.euroleague.net/competition/teams/showteam?clubcode=OLY&seasoncode=E2015,https://www.euroleague.net/rs/a35arljanoudh995/5fae8dff-b186-4e7f-a158-c16e8e479736/c8c/filename/5fa.png
2015,PAN,Panathinaikos Athens,https://www.euroleague.net/competition/teams/showteam?clubcode=PAN&seasoncode=E2015,https://www.euroleague.net/rs/a35atgy4e3u3txqh/5fae8dff-b186-4e7f-a158-c16e8e479736/c20/filename/5fa.png
2015,KSK,Pinar Karsiyaka Izmir,https://www.euroleague.net/competition/teams/showteam?clubcode=KSK&seasoncode=E2015,https://www.euroleague.net/rs/60379/5fae8dff-b186-4e7f-a158-c16e8e479736/490/filename/5fa.png
2015,MAD,Real Madrid,https://www.euroleague.net/competition/teams/showteam?clubcode=MAD&seasoncode=E2015,https://www.euroleague.net/rs/a35av98vefmmr3gt/5fae8dff-b186-4e7f-a158-c16e8e479736/154/filename/5fa.png
2015,GSS,Stelmet Zielona Gora,https://www.euroleague.net/competition/teams/showteam?clubcode=GSS&seasoncode=E2015,https://www.euroleague.net/rs/67ci489etmhjdk8b/5fae8dff-b186-4e7f-a158-c16e8e479736/c9d/filename/5fa.png
2015,STR,Strasbourg,https://www.euroleague.net/competition/teams/showteam?clubcode=STR&seasoncode=E2015,https://www.euroleague.net/rs/679wlvtbkwuff777/5fae8dff-b186-4e7f-a158-c16e8e479736/c34/filename/5fa.png
2015,MAL,Unicaja Malaga,https://www.euroleague.net/competition/teams/showteam?clubcode=MAL&seasoncode=E2015,https://www.euroleague.net/rs/a35cod7jmruy8e8y/5fae8dff-b186-4e7f-a158-c16e8e479736/737/filename/5fa.png
2015,ZAL,Zalgiris Kaunas,https://www.euroleague.net/competition/teams/showteam?clubcode=ZAL&seasoncode=E2015,https://www.euroleague.net/rs/a35b39s6ef7fo9pa/5fae8dff-b186-4e7f-a158-c16e8e479736/a77/filename/5fa.png
2016,IST,Anadolu Efes Istanbul,https://www.euroleague.net/competition/teams/showteam?clubcode=IST&seasoncode=E2016,https://www.euroleague.net/rs/a35a6anofpgn5wca/5fae8dff-b186-4e7f-a158-c16e8e479736/7d6/filename/5fa.png
2016,BAS,Baskonia Vitoria Gasteiz,https://www.euroleague.net/competition/teams/showteam?clubcode=BAS&seasoncode=E2016,https://www.euroleague.net/rs/a35alqtlytg7rvt7/5fae8dff-b186-4e7f-a158-c16e8e479736/cf3/filename/5fa.png
2016,BAM,Brose Bamberg,https://www.euroleague.net/competition/teams/showteam?clubcode=BAM&seasoncode=E2016,https://www.euroleague.net/rs/73kxg36ysqxnp7o5/5fae8dff-b186-4e7f-a158-c16e8e479736/88f/filename/5fa.jpg
2016,RED,Crvena Zvezda mts Belgrade,https://www.euroleague.net/competition/teams/showteam?clubcode=RED&seasoncode=E2016,https://www.euroleague.net/rs/a35fslptloqpsf9w/5fae8dff-b186-4e7f-a158-c16e8e479736/961/filename/5fa.png
2016,CSK,CSKA Moscow,https://www.euroleague.net/competition/teams/showteam?clubcode=CSK&seasoncode=E2016,https://www.euroleague.net/rs/a359ywvf43as6tee/5fae8dff-b186-4e7f-a158-c16e8e479736/777/filename/5fa.png
2016,DAR,Darussafaka Dogus Istanbul,https://www.euroleague.net/competition/teams/showteam?clubcode=DAR&seasoncode=E2016,https://www.euroleague.net/rs/a35bnx7857sudrnq/5fae8dff-b186-4e7f-a158-c16e8e479736/414/filename/5fa.png
2016,MIL,EA7 Emporio Armani Milan,https://www.euroleague.net/competition/teams/showteam?clubcode=MIL&seasoncode=E2016,https://www.euroleague.net/rs/a35a8ng9dir9gnbb/5fae8dff-b186-4e7f-a158-c16e8e479736/287/filename/5fa.png
2016,BAR,FC Barcelona Lassa,https://www.euroleague.net/competition/teams/showteam?clubcode=BAR&seasoncode=E2016,https://www.euroleague.net/rs/a35abupuatwppttd/5fae8dff-b186-4e7f-a158-c16e8e479736/4a4/filename/5fa.png
2016,ULK,Fenerbahce Istanbul,https://www.euroleague.net/competition/teams/showteam?clubcode=ULK&seasoncode=E2016,https://www.euroleague.net/rs/a35ahld7vsu3xrgt/5fae8dff-b186-4e7f-a158-c16e8e479736/f9e/filename/5fa.png
2016,GAL,Galatasaray Odeabank Istanbul,https://www.euroleague.net/competition/teams/showteam?clubcode=GAL&seasoncode=E2016,https://www.euroleague.net/rs/a35fmd7en4cw7ekd/5fae8dff-b186-4e7f-a158-c16e8e479736/d42/filename/5fa.png
2016,TEL,Maccabi FOX Tel Aviv,https://www.euroleague.net/competition/teams/showteam?clubcode=TEL&seasoncode=E2016,https://www.euroleague.net/rs/a35apnp9acakcpfc/5fae8dff-b186-4e7f-a158-c16e8e479736/658/filename/5fa.png
2016,OLY,Olympiacos Piraeus,https://www.euroleague.net/competition/teams/showteam?clubcode=OLY&seasoncode=E2016,https://www.euroleague.net/rs/a35arljanoudh995/5fae8dff-b186-4e7f-a158-c16e8e479736/c8c/filename/5fa.png
2016,PAN,Panathinaikos Superfoods Athens,https://www.euroleague.net/competition/teams/showteam?clubcode=PAN&seasoncode=E2016,https://www.euroleague.net/rs/a35atgy4e3u3txqh/5fae8dff-b186-4e7f-a158-c16e8e479736/c20/filename/5fa.png
2016,MAD,Real Madrid,https://www.euroleague.net/competition/teams/showteam?clubcode=MAD&seasoncode=E2016,https://www.euroleague.net/rs/a35av98vefmmr3gt/5fae8dff-b186-4e7f-a158-c16e8e479736/154/filename/5fa.png
2016,UNK,Unics Kazan,https://www.euroleague.net/competition/teams/showteam?clubcode=UNK&seasoncode=E2016,https://www.euroleague.net/rs/a35cq8x5jbfnvi7j/5fae8dff-b186-4e7f-a158-c16e8e479736/499/filename/5fa.png
2016,ZAL,Zalgiris Kaunas,https://www.euroleague.net/competition/teams/showteam?clubcode=ZAL&seasoncode=E2016,https://www.euroleague.net/rs/a35b39s6ef7fo9pa/5fae8dff-b186-4e7f-a158-c16e8e479736/a77/filename/5fa.png
2017,IST,Anadolu Efes Istanbul,https://www.euroleague.net/competition/teams/showteam?clubcode=IST&seasoncode=E2017,https://www.euroleague.net/rs/a35a6anofpgn5wca/5fae8dff-b186-4e7f-a158-c16e8e479736/7d6/filename/5fa.png
2017,MIL,AX Armani Exchange Olimpia Milan,https://www.euroleague.net/competition/teams/showteam?clubcode=MIL&seasoncode=E2017,https://www.euroleague.net/rs/a35a8ng9dir9gnbb/5fae8dff-b186-4e7f-a158-c16e8e479736/287/filename/5fa.png
2017,BAM,Brose Bamberg,https://www.euroleague.net/competition/teams/showteam?clubcode=BAM&seasoncode=E2017,https://www.euroleague.net/rs/73kxg36ysqxnp7o5/5fae8dff-b186-4e7f-a158-c16e8e479736/88f/filename/5fa.jpg
2017,RED,Crvena Zvezda mts Belgrade,https://www.euroleague.net/competition/teams/showteam?clubcode=RED&seasoncode=E2017,https://www.euroleague.net/rs/a35fslptloqpsf9w/5fae8dff-b186-4e7f-a158-c16e8e479736/961/filename/5fa.png
2017,CSK,CSKA Moscow,https://www.euroleague.net/competition/teams/showteam?clubcode=CSK&seasoncode=E2017,https://www.euroleague.net/rs/a359ywvf43as6tee/5fae8dff-b186-4e7f-a158-c16e8e479736/777/filename/5fa.png
2017,BAR,FC Barcelona Lassa,https://www.euroleague.net/competition/teams/showteam?clubcode=BAR&seasoncode=E2017,https://www.euroleague.net/rs/a35abupuatwppttd/5fae8dff-b186-4e7f-a158-c16e8e479736/4a4/filename/5fa.png
2017,ULK,Fenerbahce Dogus Istanbul,https://www.euroleague.net/competition/teams/showteam?clubcode=ULK&seasoncode=E2017,https://www.euroleague.net/rs/a35ahld7vsu3xrgt/5fae8dff-b186-4e7f-a158-c16e8e479736/f9e/filename/5fa.png
2017,KHI,Khimki Moscow Region,https://www.euroleague.net/competition/teams/showteam?clubcode=KHI&seasoncode=E2017,https://www.euroleague.net/rs/a35ajhr9ujs437nd/5fae8dff-b186-4e7f-a158-c16e8e479736/b5e/filename/5fa.png
2017,BAS,KIROLBET Baskonia Vitoria Gasteiz,https://www.euroleague.net/competition/teams/showteam?clubcode=BAS&seasoncode=E2017,https://www.euroleague.net/rs/a35alqtlytg7rvt7/5fae8dff-b186-4e7f-a158-c16e8e479736/cf3/filename/5fa.png
2017,TEL,Maccabi FOX Tel Aviv,https://www.euroleague.net/competition/teams/showteam?clubcode=TEL&seasoncode=E2017,https://www.euroleague.net/rs/a35apnp9acakcpfc/5fae8dff-b186-4e7f-a158-c16e8e479736/658/filename/5fa.png
2017,OLY,Olympiacos Piraeus,https://www.euroleague.net/competition/teams/showteam?clubcode=OLY&seasoncode=E2017,https://www.euroleague.net/rs/a35arljanoudh995/5fae8dff-b186-4e7f-a158-c16e8e479736/c8c/filename/5fa.png
2017,PAN,Panathinaikos Superfoods Athens,https://www.euroleague.net/competition/teams/showteam?clubcode=PAN&seasoncode=E2017,https://www.euroleague.net/rs/a35atgy4e3u3txqh/5fae8dff-b186-4e7f-a158-c16e8e479736/c20/filename/5fa.png
2017,MAD,Real Madrid,https://www.euroleague.net/competition/teams/showteam?clubcode=MAD&seasoncode=E2017,https://www.euroleague.net/rs/a35av98vefmmr3gt/5fae8dff-b186-4e7f-a158-c16e8e479736/154/filename/5fa.png
2017,MAL,Unicaja Malaga,https://www.euroleague.net/competition/teams/showteam?clubcode=MAL&seasoncode=E2017,https://www.euroleague.net/rs/a35cod7jmruy8e8y/5fae8dff-b186-4e7f-a158-c16e8e479736/737/filename/5fa.png
2017,PAM,Valencia Basket,https://www.euroleague.net/competition/teams/showteam?clubcode=PAM&seasoncode=E2017,https://www.euroleague.net/rs/a35awu3dcq9vu3i4/5fae8dff-b186-4e7f-a158-c16e8e479736/821/filename/5fa.png
2017,ZAL,Zalgiris Kaunas,https://www.euroleague.net/competition/teams/showteam?clubcode=ZAL&seasoncode=E2017,https://www.euroleague.net/rs/a35b39s6ef7fo9pa/5fae8dff-b186-4e7f-a158-c16e8e479736/a77/filename/5fa.png
2018,IST,Anadolu Efes Istanbul,https://www.euroleague.net/competition/teams/showteam?clubcode=IST&seasoncode=E2018,https://www.euroleague.net/rs/a35a6anofpgn5wca/5fae8dff-b186-4e7f-a158-c16e8e479736/7d6/filename/5fa.png
2018,MIL,AX Armani Exchange Olimpia Milan,https://www.euroleague.net/competition/teams/showteam?clubcode=MIL&seasoncode=E2018,https://www.euroleague.net/rs/a35a8ng9dir9gnbb/5fae8dff-b186-4e7f-a158-c16e8e479736/287/filename/5fa.png
2018,BUD,Buducnost VOLI Podgorica,https://www.euroleague.net/competition/teams/showteam?clubcode=BUD&seasoncode=E2018,https://www.euroleague.net/rs/a35bjwf4jjtkx8sl/5fae8dff-b186-4e7f-a158-c16e8e479736/82c/filename/5fa.png
2018,CSK,CSKA Moscow,https://www.euroleague.net/competition/teams/showteam?clubcode=CSK&seasoncode=E2018,https://www.euroleague.net/rs/a359ywvf43as6tee/5fae8dff-b186-4e7f-a158-c16e8e479736/777/filename/5fa.png
2018,DAR,Darussafaka Tekfen Istanbul,https://www.euroleague.net/competition/teams/showteam?clubcode=DAR&seasoncode=E2018,https://www.euroleague.net/rs/a35bnx7857sudrnq/5fae8dff-b186-4e7f-a158-c16e8e479736/414/filename/5fa.png
2018,BAR,FC Barcelona Lassa,https://www.euroleague.net/competition/teams/showteam?clubcode=BAR&seasoncode=E2018,https://www.euroleague.net/rs/a35abupuatwppttd/5fae8dff-b186-4e7f-a158-c16e8e479736/4a4/filename/5fa.png
2018,MUN,FC Bayern Munich,https://www.euroleague.net/competition/teams/showteam?clubcode=MUN&seasoncode=E2018,https://www.euroleague.net/rs/a35aehaydcwoshxi/5fae8dff-b186-4e7f-a158-c16e8e479736/553/filename/5fa.png
2018,ULK,Fenerbahce Beko Istanbul,https://www.euroleague.net/competition/teams/showteam?clubcode=ULK&seasoncode=E2018,https://www.euroleague.net/rs/a35ahld7vsu3xrgt/5fae8dff-b186-4e7f-a158-c16e8e479736/f9e/filename/5fa.png
2018,CAN,Herbalife Gran Canaria,https://www.euroleague.net/competition/teams/showteam?clubcode=CAN&seasoncode=E2018,https://www.euroleague.net/rs/60171/5fae8dff-b186-4e7f-a158-c16e8e479736/c83/filename/5fa.jpg
2018,KHI,Khimki Moscow Region,https://www.euroleague.net/competition/teams/showteam?clubcode=KHI&seasoncode=E2018,https://www.euroleague.net/rs/a35ajhr9ujs437nd/5fae8dff-b186-4e7f-a158-c16e8e479736/b5e/filename/5fa.png
2018,BAS,KIROLBET Baskonia Vitoria-Gasteiz,https://www.euroleague.net/competition/teams/showteam?clubcode=BAS&seasoncode=E2018,https://www.euroleague.net/rs/a35alqtlytg7rvt7/5fae8dff-b186-4e7f-a158-c16e8e479736/cf3/filename/5fa.png
2018,TEL,Maccabi FOX Tel Aviv,https://www.euroleague.net/competition/teams/showteam?clubcode=TEL&seasoncode=E2018,https://www.euroleague.net/rs/a35apnp9acakcpfc/5fae8dff-b186-4e7f-a158-c16e8e479736/658/filename/5fa.png
2018,OLY,Olympiacos Piraeus,https://www.euroleague.net/competition/teams/showteam?clubcode=OLY&seasoncode=E2018,https://www.euroleague.net/rs/a35arljanoudh995/5fae8dff-b186-4e7f-a158-c16e8e479736/c8c/filename/5fa.png
2018,PAN,Panathinaikos OPAP Athens,https://www.euroleague.net/competition/teams/showteam?clubcode=PAN&seasoncode=E2018,https://www.euroleague.net/rs/a35atgy4e3u3txqh/5fae8dff-b186-4e7f-a158-c16e8e479736/c20/filename/5fa.png
2018,MAD,Real Madrid,https://www.euroleague.net/competition/teams/showteam?clubcode=MAD&seasoncode=E2018,https://www.euroleague.net/rs/a35av98vefmmr3gt/5fae8dff-b186-4e7f-a158-c16e8e479736/154/filename/5fa.png
2018,ZAL,Zalgiris Kaunas,https://www.euroleague.net/competition/teams/showteam?clubcode=ZAL&seasoncode=E2018,https://www.euroleague.net/rs/a35b39s6ef7fo9pa/5fae8dff-b186-4e7f-a158-c16e8e479736/a77/filename/5fa.png
2019,BER,ALBA Berlin,https://www.euroleague.net/competition/teams/showteam?clubcode=BER&seasoncode=E2019,https://www.euroleague.net/rs/a35fqimelipvlgk3/5fae8dff-b186-4e7f-a158-c16e8e479736/147/filename/5fa.png
2019,IST,Anadolu Efes Istanbul,https://www.euroleague.net/competition/teams/showteam?clubcode=IST&seasoncode=E2019,https://www.euroleague.net/rs/a35a6anofpgn5wca/5fae8dff-b186-4e7f-a158-c16e8e479736/7d6/filename/5fa.png
2019,MIL,AX Armani Exchange Milan,https://www.euroleague.net/competition/teams/showteam?clubcode=MIL&seasoncode=E2019,https://www.euroleague.net/rs/a35a8ng9dir9gnbb/5fae8dff-b186-4e7f-a158-c16e8e479736/287/filename/5fa.png
2019,RED,Crvena Zvezda mts Belgrade,https://www.euroleague.net/competition/teams/showteam?clubcode=RED&seasoncode=E2019,https://www.euroleague.net/rs/a35fslptloqpsf9w/5fae8dff-b186-4e7f-a158-c16e8e479736/961/filename/5fa.png
2019,CSK,CSKA Moscow,https://www.euroleague.net/competition/teams/showteam?clubcode=CSK&seasoncode=E2019,https://www.euroleague.net/rs/a359ywvf43as6tee/5fae8dff-b186-4e7f-a158-c16e8e479736/777/filename/5fa.png
2019,BAR,FC Barcelona,https://www.euroleague.net/competition/teams/showteam?clubcode=BAR&seasoncode=E2019,https://www.euroleague.net/rs/a35abupuatwppttd/5fae8dff-b186-4e7f-a158-c16e8e479736/4a4/filename/5fa.png
2019,MUN,FC Bayern Munich,https://www.euroleague.net/competition/teams/showteam?clubcode=MUN&seasoncode=E2019,https://www.euroleague.net/rs/a35aehaydcwoshxi/5fae8dff-b186-4e7f-a158-c16e8e479736/553/filename/5fa.png
2019,ULK,Fenerbahce Beko Istanbul,https://www.euroleague.net/competition/teams/showteam?clubcode=ULK&seasoncode=E2019,https://www.euroleague.net/rs/a35ahld7vsu3xrgt/5fae8dff-b186-4e7f-a158-c16e8e479736/f9e/filename/5fa.png
2019,KHI,Khimki Moscow Region,https://www.euroleague.net/competition/teams/showteam?clubcode=KHI&seasoncode=E2019,https://www.euroleague.net/rs/a35ajhr9ujs437nd/5fae8dff-b186-4e7f-a158-c16e8e479736/b5e/filename/5fa.png
2019,BAS,KIROLBET Baskonia Vitoria-Gasteiz,https://www.euroleague.net/competition/teams/showteam?clubcode=BAS&seasoncode=E2019,https://www.euroleague.net/rs/a35alqtlytg7rvt7/5fae8dff-b186-4e7f-a158-c16e8e479736/cf3/filename/5fa.png
2019,ASV,LDLC ASVEL Villeurbanne,https://www.euroleague.net/competition/teams/showteam?clubcode=ASV&seasoncode=E2019,https://www.euroleague.net/rs/a35anmkqepkgw7pu/5fae8dff-b186-4e7f-a158-c16e8e479736/00c/filename/5fa.png
2019,TEL,Maccabi FOX Tel Aviv,https://www.euroleague.net/competition/teams/showteam?clubcode=TEL&seasoncode=E2019,https://www.euroleague.net/rs/a35apnp9acakcpfc/5fae8dff-b186-4e7f-a158-c16e8e479736/658/filename/5fa.png
2019,OLY,Olympiacos Piraeus,https://www.euroleague.net/competition/teams/showteam?clubcode=OLY&seasoncode=E2019,https://www.euroleague.net/rs/a35arljanoudh995/5fae8dff-b186-4e7f-a158-c16e8e479736/c8c/filename/5fa.png
2019,PAN,Panathinaikos OPAP Athens,https://www.euroleague.net/competition/teams/showteam?clubcode=PAN&seasoncode=E2019,https://www.euroleague.net/rs/a35atgy4e3u3txqh/5fae8dff-b186-4e7f-a158-c16e8e479736/c20/filename/5fa.png
2019,MAD,Real Madrid,https://www.euroleague.net/competition/teams/showteam?clubcode=MAD&seasoncode=E2019,https://www.euroleague.net/rs/a35av98vefmmr3gt/5fae8dff-b186-4e7f-a158-c16e8e479736/154/filename/5fa.png
2019,PAM,Valencia Basket,https://www.euroleague.net/competition/teams/showteam?clubcode=PAM&seasoncode=E2019,https://www.euroleague.net/rs/a35awu3dcq9vu3i4/5fae8dff-b186-4e7f-a158-c16e8e479736/821/filename/5fa.png
2019,ZAL,Zalgiris Kaunas,https://www.euroleague.net/competition/teams/showteam?clubcode=ZAL&seasoncode=E2019,https://www.euroleague.net/rs/a35b39s6ef7fo9pa/5fae8dff-b186-4e7f-a158-c16e8e479736/a77/filename/5fa.png
2019,DYR,Zenit St Petersburg,https://www.euroleague.net/competition/teams/showteam?clubcode=DYR&seasoncode=E2019,https://www.euroleague.net/rs/a35b54vamv3irv9w/5fae8dff-b186-4e7f-a158-c16e8e479736/1d7/filename/5fa.png
